feature,profile_type,level_or_bin,n,value_min,value_mean,value_max,mean_shap_risk,median_shap_risk,mean_abs_shap_risk,actual_risk_rate,predicted_risk_mean
rede_nome,category,Estadual,2622,,,,-0.08148061329963127,-0.0777136540576106,0.08167416995478656,0.35430968726163237,0.4047188500045999
rede_nome,category,Municipal,17378,,,,0.005890636859896418,0.005751042439533673,0.006031832493128441,0.4094257106686615,0.41380537454709143
regiao,category,Centro-Oeste,1892,,,,0.08712592621079968,0.09094218096451731,0.08712592621079968,0.35306553911205074,0.4233830499159203
regiao,category,Nordeste,5026,,,,0.0921765426882927,0.09583141644740034,0.0921765426882927,0.4313569438917628,0.44435870043849457
regiao,category,Norte,2031,,,,0.062359204888804975,0.06176699814404883,0.062359204888804975,0.49286065977351057,0.48989688646843993
regiao,category,Sudeste,8043,,,,-0.017101716451243105,-0.019871322335857713,0.0236059019509077,0.3770980977247296,0.406979208242845
regiao,category,Sul,3008,,,,-0.21697598611353172,-0.22001006888637603,0.21697598611353172,0.39029255319148937,0.3156850786010697
capital_uf,category,0,16284,,,,-0.00031356049558069096,-0.00019482526747476942,0.00031356049558069096,0.39664701547531317,0.40559635749132944
capital_uf,category,1,3716,,,,0.0033407953032501517,0.0029105336358590745,0.0033407953032501517,0.4265339074273412,0.44336693708358665
amazonia_legal,category,0,16909,,,,-0.001315289281939856,-0.0007964869269320419,0.0013159734891838308,0.3915666213259211,0.40200588930617154
amazonia_legal,category,1,3091,,,,0.005157436376561621,0.0035777575699943677,0.005221540624085788,0.46036881268197993,0.4706454355591594
populacao_2020,quantile,"(1117.999, 23876.0]",4002,1118.0,12955.930784607695,23876.0,-0.09337003222077207,-0.08635084105351051,0.09404620923474208,0.3580709645177411,0.3795665320605444
populacao_2020,quantile,"(217311.0, 711825.0]",4021,217698.0,403583.5836856503,711825.0,0.036794703801897706,0.025970388664749128,0.03792757197709677,0.4260134294951505,0.4256537935225809
populacao_2020,quantile,"(23876.0, 67620.0]",4008,23898.0,41604.05164670659,67620.0,-0.013122417745783314,-0.0013109706620350364,0.024174094396896856,0.40344311377245506,0.40521290924158776
populacao_2020,quantile,"(67620.0, 217311.0]",3992,67735.0,122658.90656312625,217311.0,0.003598976937391791,0.007515205583896993,0.016473251323537278,0.3990480961923848,0.40851576417254204
populacao_2020,quantile,"(711825.0, 12325232.0]",3977,721368.0,5040081.02640181,12325232.0,0.03661308687235103,0.018708136921940274,0.03964444707016181,0.42444053306512447,0.44425828205022583
pib_por_habitante_2020,quantile,"(15341.878, 24278.307]",4009,15353.77121982666,20163.668015527,24278.307401897157,0.02257873580981428,0.020401219677794676,0.026554706524102998,0.41282115240708406,0.42837291593709576
pib_por_habitante_2020,quantile,"(24278.307, 38095.825]",3990,24295.081967213115,30436.62681837485,38095.82487677588,0.01302298576136216,0.01243453750643832,0.014076623324847399,0.39223057644110276,0.39985599956539786
pib_por_habitante_2020,quantile,"(38095.825, 51050.935]",4003,38119.57142857143,44976.466486187055,51050.93492231154,-0.0019471787847839415,-0.003768824769038065,0.008328888205106364,0.38745940544591556,0.38626882168954224
pib_por_habitante_2020,quantile,"(51050.935, 590594.94]",3995,51179.52223641108,79036.70662153364,590594.9400309687,-0.01388982486679451,-0.007846370661898496,0.02118374183252577,0.39849812265331663,0.4089810687647031
pib_por_habitante_2020,quantile,"(5379.061, 15341.878]",4003,5379.061784897025,10951.832765218704,15341.877880184331,-0.013453941520887148,-0.003316878222725007,0.028353426188599238,0.4199350487134649,0.43951953594689874
participacao_agropecuaria_2020,quantile,"(-0.001, 0.00114]",4000,0.0,0.00037523813471969174,0.001111543922018426,0.0859505790010503,0.07868441756558543,0.0859505790010503,0.43175,0.44260859125585644
participacao_agropecuaria_2020,quantile,"(0.00114, 0.0106]",4021,0.001151688840606719,0.004179950503219042,0.010614955526449641,0.04502233679184164,0.044243964796849264,0.04507717124846596,0.40661526983337476,0.4232262966704902
participacao_agropecuaria_2020,quantile,"(0.0106, 0.0562]",3980,0.01064194242352739,0.028291397320718937,0.05624404194470925,0.018780415228577083,0.023576309010847705,0.026663392056041856,0.41708542713567837,0.4174572741171156
participacao_agropecuaria_2020,quantile,"(0.0562, 0.166]",3999,0.05634596128170895,0.10473042822859792,0.16592900735688762,-0.028960719175461194,-0.027556355818039318,0.0308342170674227,0.3763440860215054,0.3907092930071367
participacao_agropecuaria_2020,quantile,"(0.166, 0.88]",4000,0.16608707781989757,0.32160475478975714,0.8800306402474476,-0.04802177926920931,-0.04721366330596812,0.05205396538893429,0.37925,0.38903222648357255
participacao_industria_2020,quantile,"(0.009399999999999999, 0.0734]",4002,0.010370584632137752,0.04710848475332562,0.07341333722620731,0.05847249294004591,0.04861500317855386,0.06023990081776088,0.4045477261369315,0.43342124851298797
participacao_industria_2020,quantile,"(0.0734, 0.128]",4075,0.07354784693373351,0.0995340812194746,0.12815698610357212,0.025661552250390463,0.023341715866856953,0.029214953503435035,0.44245398773006134,0.4358014223238642
participacao_industria_2020,quantile,"(0.128, 0.18]",3923,0.12827644491536114,0.15257430316934084,0.17993345848304407,-0.002183633152945484,-0.005573000909940228,0.008703668708285,0.4035177160336477,0.41905458329258694
participacao_industria_2020,quantile,"(0.18, 0.292]",4038,0.17999643430201462,0.23558974725175064,0.2918702364401507,-0.008887694727189168,-0.009212918128675944,0.011749897285188313,0.36181277860326894,0.3834855890095921
participacao_industria_2020,quantile,"(0.292, 0.924]",3962,0.2921329861806529,0.4136380884196947,0.924203331992435,-0.00787054612205719,-0.010701449702293073,0.021068543207698374,0.3982836951034831,0.39105856950912166
participacao_administracao_publica_2020,quantile,"(0.0163, 0.111]",4000,0.017347299225391268,0.08534494248704055,0.11085038106698757,-0.03247121265263466,-0.03257535727125121,0.03281487497314849,0.4085,0.40758367181995153
participacao_administracao_publica_2020,quantile,"(0.111, 0.162]",4005,0.11090566604647938,0.13639839893540534,0.16150364233842776,-0.04862916969275535,-0.047404102364899336,0.04871809377498594,0.3762796504369538,0.366095327635887
participacao_administracao_publica_2020,quantile,"(0.162, 0.222]",3996,0.16151774172423022,0.192550667794723,0.2224782978909616,-0.04569452553834507,-0.04543886299371046,0.04642853823017883,0.38263263263263264,0.40033615676303064
participacao_administracao_publica_2020,quantile,"(0.222, 0.354]",3999,0.22262080490182426,0.2779353675260579,0.3542680817811483,-0.006186577900471173,-0.028896778321675518,0.04520220328376092,0.4053513378344586,0.41933900927393375
participacao_administracao_publica_2020,quantile,"(0.354, 0.777]",4000,0.3543667578999751,0.47181050582670786,0.7774443273965556,0.09011670795067891,0.09174457607015608,0.09136792083149768,0.43825,0.4697640421545878
quantidade_escolas_anos_iniciais,quantile,"(0.999, 9.0]",4210,1.0,5.0066508313539195,9.0,-0.06616577117140951,-0.06018226842680214,0.06731260652789618,0.33800475059382423,0.36098755168600116
quantidade_escolas_anos_iniciais,quantile,"(21.0, 43.0]",3966,22.0,31.184064548663642,43.0,0.019621214409750176,0.020108760016931033,0.024510129000075608,0.4135148764498235,0.420053656977098
quantidade_escolas_anos_iniciais,quantile,"(43.0, 98.0]",3979,44.0,64.59261120884645,98.0,0.03939054395029888,0.034835320638653994,0.039653805655477666,0.44533802462930383,0.4501222805012937
quantidade_escolas_anos_iniciais,quantile,"(9.0, 21.0]",3892,10.0,15.2155704008222,21.0,-0.028163120745438617,-0.0243349618373093,0.029012129927691345,0.38335046248715315,0.3908323208002414
quantidade_escolas_anos_iniciais,quantile,"(98.0, 757.0]",3953,99.0,361.47811788515054,757.0,0.040351307032127096,0.032249274441253056,0.040351307032127096,0.4343536554515558,0.44382400221426604
alunos_por_turma_anos_iniciais,quantile,"(20.636, 22.761]",4001,20.636363636363637,21.750127519758344,22.760563380281692,-0.020839141119479283,-0.017319668162453082,0.021085248763183177,0.3709072731817046,0.39554022637320807
alunos_por_turma_anos_iniciais,quantile,"(22.761, 24.739]",4011,22.764705882352942,23.74258322736395,24.73931623931624,0.014379421975473181,0.015730109484490478,0.016996903277076463,0.43081525804038895,0.4223591929207607
alunos_por_turma_anos_iniciais,quantile,"(24.739, 27.254]",3998,24.74025974025974,25.923040528399078,27.254273504273506,0.026876526145364028,0.02313682499004253,0.028732128833970683,0.4072036018009004,0.42445376380180033
alunos_por_turma_anos_iniciais,quantile,"(27.254, 121.0]",3988,27.25862068965517,29.021050485606345,121.0,0.04216671838018283,0.04328006784038792,0.04300707479149671,0.4215145436308927,0.4415687208318731
alunos_por_turma_anos_iniciais,quantile,"(4.7989999999999995, 20.636]",4002,4.8,18.396614429716433,20.635627530364374,-0.03898680200176546,-0.036152726201818475,0.039783985587846384,0.38055972013993006,0.3792356943303179
proporcao_escolas_rurais,quantile,"(-0.001, 0.0714]",8049,0.0,0.008719454598752358,0.07142857142857142,-0.0035014849699542315,-0.00336947781293696,0.0042119555502725696,0.386259162628898,0.39640750403755354
proporcao_escolas_rurais,quantile,"(0.0714, 0.28]",3956,0.07352941176470588,0.1706161388148316,0.28,-0.0012073656816803087,-0.0006828904222571519,0.003915788725869844,0.4044489383215369,0.42074789071315766
proporcao_escolas_rurais,quantile,"(0.28, 0.62]",4005,0.2857142857142857,0.4508040835258371,0.62,0.004303692505807027,0.0038982894059303055,0.006345816106643183,0.40549313358302125,0.40314434428881407
proporcao_escolas_rurais,quantile,"(0.62, 1.0]",3990,0.6210526315789474,0.7907776536276272,1.0,-0.00026961804046417607,-0.002526726310779374,0.009668840742861416,0.4288220551378446,0.44674858873563794
proporcao_internet_aprendizagem,quantile,"(-0.001, 0.473]",4019,0.0,0.2404948056594038,0.47272727272727266,0.07543241449519088,0.07633835751119813,0.07556444751818683,0.44737496889773576,0.46993949065168567
proporcao_internet_aprendizagem,quantile,"(0.473, 0.733]",3984,0.47368421052631576,0.6239260393938989,0.7333333333333332,0.031081481354505752,0.027052709672886394,0.031680989090337584,0.4098895582329317,0.43909963908741534
proporcao_internet_aprendizagem,quantile,"(0.733, 0.904]",4040,0.7333333333333333,0.8179031949340558,0.9036144578313252,-0.04941990946482804,-0.06849326921581782,0.06432621518272282,0.3995049504950495,0.4055535732330221
proporcao_internet_aprendizagem,quantile,"(0.904, 1.0]",7957,0.9038461538461537,0.9799428313701428,1.0,-0.09475938917399054,-0.09373471597126265,0.09475938917399054,0.37690084202588914,0.37398346269657157
proporcao_biblioteca_sala_leitura,quantile,"(-0.001, 0.364]",4018,0.0,0.1819878155901105,0.36363636363636365,0.0434350170660546,0.04127897147524838,0.04351276907040309,0.45495271279243404,0.4767383300840575
proporcao_biblioteca_sala_leitura,quantile,"(0.364, 0.615]",4007,0.3636363636363637,0.491364089020452,0.6153846153846153,0.009201517803442224,0.009406237624069494,0.02157141635307437,0.42375842276016973,0.41838083504131857
proporcao_biblioteca_sala_leitura,quantile,"(0.615, 0.788]",4021,0.6153846153846154,0.7092500264883571,0.787878787878788,-0.007351198152216905,-0.0061323913370742306,0.00814007664097422,0.3946779408107436,0.3985580103381172
proporcao_biblioteca_sala_leitura,quantile,"(0.788, 0.955]",3966,0.7894736842105261,0.8762358886580071,0.9545454545454544,-0.005373096613166951,-0.006751322255849736,0.008136675064508552,0.397125567322239,0.4027958859912931
proporcao_biblioteca_sala_leitura,quantile,"(0.955, 1.0]",3988,0.9565217391304346,0.992597479654939,1.0,-0.04204827369452128,-0.05071119272564531,0.04260353816119341,0.34002006018054165,0.3661498906449529
proporcao_laboratorio_informatica,quantile,"(-0.001, 0.0714]",4002,0.0,0.017924772443177063,0.07142857142857142,0.000984844683181996,0.0030319625313345658,0.009838348432013446,0.4230384807596202,0.4423436540188269
proporcao_laboratorio_informatica,quantile,"(0.0714, 0.25]",4145,0.07142857142857144,0.16004255359459002,0.25,-0.0009499923473528862,0.0017919044048366108,0.009145538140285462,0.43425814234016885,0.42859272779645574
proporcao_laboratorio_informatica,quantile,"(0.25, 0.545]",3873,0.25000000000000006,0.4092655284333716,0.5454545454545454,0.0027960455326807554,0.0015481539891247377,0.006212999274978701,0.4007229537825975,0.41121109203196315
proporcao_laboratorio_informatica,quantile,"(0.545, 0.805]",4054,0.5490196078431374,0.6794858976648472,0.8050420168067229,-0.00784939782512563,-0.006845136129319793,0.009043631805458566,0.38159842131228416,0.4035312768797242
proporcao_laboratorio_informatica,quantile,"(0.805, 1.0]",3926,0.8095238095238094,0.9403967078039608,1.0,-0.013647780023310787,-0.011425517685310492,0.015529866342885194,0.36984207845135,0.37620226886947694
razao_matriculas_docentes_anos_iniciais,quantile,"(14.925, 17.855]",4032,14.932432432432432,16.356437532610922,17.85489410417859,-0.00529877985775998,-0.006255694729965805,0.007470375697018452,0.3628472222222222,0.38383412639012715
razao_matriculas_docentes_anos_iniciais,quantile,"(17.855, 20.312]",4018,17.864197530864196,19.050614082292682,20.312065860560843,0.008660704191142737,0.006208603803062631,0.009568618262517896,0.4133897461423594,0.42868749636468767
razao_matriculas_docentes_anos_iniciais,quantile,"(20.312, 23.648]",3943,20.321428571428573,21.802728659529087,23.64681724845996,0.008136465338740835,0.005546394314558877,0.008843692354461313,0.42252092315495815,0.4407381902414975
razao_matriculas_docentes_anos_iniciais,quantile,"(23.648, 121.0]",4000,23.650602409638555,27.56505753871275,121.0,0.023788234357292715,0.02636853720029395,0.03783161554929218,0.46175,0.4650573243003811
razao_matriculas_docentes_anos_iniciais,quantile,"(4.9159999999999995, 14.925]",4007,4.916666666666667,12.780857785157853,14.925064599483203,-0.013545739038544051,-0.015628496260842003,0.020073079911109258,0.3511355128525081,0.34542976897163963
proporcao_matriculas_integral_anos_iniciais,quantile,"(-0.001, 0.0161]",4003,0.0,0.004788633473808873,0.01608125264494287,0.020657322536249488,0.0194586710595174,0.020794453349737105,0.4051961029228079,0.4001549061178838
proporcao_matriculas_integral_anos_iniciais,quantile,"(0.0161, 0.0481]",3997,0.016191709844559584,0.030024679769511335,0.048038658328595794,0.01581661487962895,0.013946457340785355,0.016192820600355307,0.4453340005003753,0.4501490651075007
proporcao_matriculas_integral_anos_iniciais,quantile,"(0.0481, 0.106]",4027,0.04807339449541284,0.07599106150826539,0.1060524700828475,0.014759698558041491,0.013747484102907524,0.014993772027186466,0.43059349391606655,0.43577655478337696
proporcao_matriculas_integral_anos_iniciais,quantile,"(0.106, 0.247]",3975,0.10612244897959183,0.15676165688891414,0.247498332221481,0.009687032095431066,0.011511641975187703,0.01204721636394505,0.39547169811320754,0.41061419636276486
proporcao_matriculas_integral_anos_iniciais,quantile,"(0.247, 1.0]",3998,0.24797715373631604,0.5257966287674427,1.0,-0.08581351705906476,-0.07307124102096976,0.08582711144555413,0.3341670835417709,0.3662213868214602
sigla_uf,category,AC,110,,,,0.11994822228854574,0.11926269862028127,0.11994822228854574,0.4818181818181818,0.5275691020714137
sigla_uf,category,AL,341,,,,0.345837217953547,0.3663402287401787,0.34584130159845516,0.5102639296187683,0.5352532665562412
sigla_uf,category,AM,504,,,,0.06796557258655465,0.06925696972095448,0.06968629409291888,0.501984126984127,0.47356981125044356
sigla_uf,category,AP,121,,,,0.1789067312124928,0.16827946318056775,0.1789067312124928,0.5289256198347108,0.5665422321650417
sigla_uf,category,BA,1124,,,,0.6666463910515614,0.6676382608255477,0.6666463910515614,0.6405693950177936,0.613132701921928
sigla_uf,category,CE,952,,,,-1.420199679405856,-1.524634696330311,1.420199679405856,0.14705882352941177,0.1538355565028923
sigla_uf,category,DF,239,,,,0.10278259260236568,0.1027825926023657,0.10278259260236568,0.40585774058577406,0.5450308642916151
sigla_uf,category,ES,462,,,,-0.2866122532810072,-0.2748466215159574,0.2866122532810072,0.2792207792207792,0.3259571850442236
sigla_uf,category,GO,764,,,,-0.32094232324269817,-0.31147150288572456,0.32094232324269817,0.2696335078534031,0.32677382260411036
sigla_uf,category,MA,680,,,,-0.051684304817923465,-0.055998202425230986,0.07289116433567315,0.3985294117647059,0.4281238522338671
sigla_uf,category,MG,1952,,,,0.05171576245619259,0.05278967679444676,0.051745098595634295,0.274077868852459,0.3803439003799506
sigla_uf,category,MS,402,,,,0.34641356821858144,0.3688722545449782,0.34641356821858144,0.43532338308457713,0.5151187089530613
sigla_uf,category,MT,487,,,,0.09653565552638065,0.09676614113482383,0.09653565552638065,0.39014373716632444,0.4395183416972364
sigla_uf,category,PA,898,,,,0.11984515547620264,0.11649071477403665,0.11984515547620264,0.512249443207127,0.504937970205861
sigla_uf,category,PB,335,,,,0.09383543239343711,0.09174681424607034,0.09383543239343711,0.43283582089552236,0.4704829039662291
sigla_uf,category,PE,820,,,,-0.1277063122200045,-0.12989542239950552,0.1277063122200045,0.38902439024390245,0.4099518196776647
sigla_uf,category,PI,335,,,,0.09467392363684249,0.1001436207481427,0.09468332125477626,0.3970149253731343,0.4609118636621432
sigla_uf,category,PR,1294,,,,-0.19950173822220654,-0.20364097429147615,0.19950173822220654,0.2921174652241113,0.2638631790751928
sigla_uf,category,RJ,1358,,,,0.08359692470988397,0.07821661029695226,0.08359692470988397,0.4410898379970545,0.46486161975310547
sigla_uf,category,RN,247,,,,0.5678889482325601,0.5744246207858981,0.5678889482325601,0.5991902834008097,0.5954832819401481
sigla_uf,category,RO,216,,,,-0.23952211536882295,-0.23999637197470305,0.23952211536882295,0.37037037037037035,0.34983006331203054
sigla_uf,category,RS,968,,,,0.08522720915121608,0.08541658858899212,0.08522720915121608,0.5423553719008265,0.3523276077690544
sigla_uf,category,SC,746,,,,0.1686555470427447,0.17074750446810733,0.1686555470427447,0.3632707774798928,0.3580276653998304
sigla_uf,category,SE,192,,,,0.8564235825906169,0.8411158382921738,0.8564235825906169,0.6145833333333334,0.6709715016029114
sigla_uf,category,SP,4271,,,,0.07514137377105125,0.07299363629667016,0.07514137377105125,0.4144228517911496,0.40951256830727933
sigla_uf,category,TO,182,,,,0.4801059652088393,0.5589202660153734,0.4801059652088393,0.5,0.5534043368521461
