candidate_id,fold,feature_set,model,raw_features,transformed_features,train_rows,validation_rows,train_municipalities,validation_municipalities,municipality_overlap,runtime_seconds,train_pr_auc_risk,validation_pr_auc_risk,pr_auc_gap_train_validation,train_roc_auc_literate,validation_roc_auc_literate,roc_auc_gap_train_validation,validation_accuracy,validation_balanced_accuracy,validation_precision_risk,validation_recall_risk,validation_f1_risk,validation_recall_literate,validation_actual_risk_rate,validation_predicted_risk_rate,learning_rate,max_iter,max_leaf_nodes,max_depth,min_samples_leaf,l2_regularization,max_bins
0,1,enriched_uf,hist_gradient_boosting,18,45,1202247,300562,3899,972,0,13.904295899999852,0.5871146269436018,0.5305976789534649,0.056516947990136956,0.680180232092137,0.6308668018508017,0.049313430241335277,0.6107026170973043,0.5703117876673155,0.5592680112106391,0.3240154095959757,0.410313268556223,0.8166081657386552,0.4180036065770124,0.24217299592097472,0.08,150,31,,50,1.0,255
0,2,enriched_uf,hist_gradient_boosting,18,45,1202247,300562,3897,974,0,11.880556899996009,0.5849701550506381,0.5398295643783146,0.045140590672323455,0.6799842205342169,0.6328803612746862,0.047103859259530756,0.609930729766238,0.5690591186520485,0.5730252138209092,0.3041709614219509,0.39739715043483625,0.8339472758821461,0.42285119210013244,0.22445618541266027,0.08,150,31,,50,1.0,255
0,3,enriched_uf,hist_gradient_boosting,18,45,1202247,300562,3896,975,0,24.62786159999814,0.5833330239618368,0.551610343933087,0.03172268002874978,0.678642161741964,0.6474589021730803,0.03118325956888368,0.635768992753575,0.5900491539403122,0.6039244506504006,0.33238684625652226,0.4287816331854944,0.8477114616241022,0.41127953633526526,0.22635928693580692,0.08,150,31,,50,1.0,255
0,4,enriched_uf,hist_gradient_boosting,18,45,1202247,300562,3896,975,0,20.356939799996326,0.5832581807831884,0.5522925781978756,0.03096560258531278,0.6776173252537644,0.6490748493179209,0.02854247593584347,0.6262801019423613,0.5878073544348352,0.5882438720453913,0.3531785512460303,0.44136428741943184,0.8224361576236401,0.41801358787870724,0.25097317691524546,0.08,150,31,,50,1.0,255
0,5,enriched_uf,hist_gradient_boosting,18,45,1202248,300561,3896,975,0,12.129801600000064,0.5861782760039309,0.5385610687529561,0.04761720725097485,0.6777765614584347,0.6481251433504087,0.029651418108025962,0.6299220457744019,0.5891296746784085,0.5790684376055936,0.3610807218859148,0.4448027153160798,0.8171786274709023,0.41056224859512713,0.25600793183413684,0.08,150,31,,50,1.0,255
1,1,enriched_uf,hist_gradient_boosting,18,45,1202247,300562,3899,972,0,10.07798680000269,0.5989299959128213,0.5254504048292798,0.0734795910835414,0.6905396681330856,0.6278137339144959,0.06272593421858974,0.6060413492058211,0.5678715894675803,0.5469413736213773,0.3351189149606801,0.41559608123781555,0.8006242639744806,0.4180036065770124,0.2561168743886453,0.18214744423753768,120,63,,141,0.13292918943162169,127
1,2,enriched_uf,hist_gradient_boosting,18,45,1202247,300562,3897,974,0,10.131203600001754,0.596705446346482,0.5378245410372287,0.058880905309253384,0.6905029694638757,0.6258871760065448,0.06461579345733093,0.6132145780238354,0.5728810994587789,0.5793162993531771,0.31148056934685625,0.40513337461046833,0.8342816295707014,0.42285119210013244,0.22735409000472448,0.18214744423753768,120,63,,141,0.13292918943162169,127
1,3,enriched_uf,hist_gradient_boosting,18,45,1202247,300562,3896,975,0,19.596596900002623,0.596105275270218,0.5456315974089934,0.050473677861224586,0.6895413122004338,0.6456345551020807,0.04390675709835312,0.6299665293683167,0.5815540038224053,0.5969621599637086,0.30871657970311045,0.406970172014802,0.8543914279417001,0.41127953633526526,0.21269155781502652,0.18214744423753768,120,63,,141,0.13292918943162169,127
1,4,enriched_uf,hist_gradient_boosting,18,45,1202247,300562,3896,975,0,16.192710800001805,0.5960847179395619,0.5503475565301006,0.04573716140946127,0.688872757396295,0.648624394247951,0.04024836314834401,0.6246032432576307,0.588092332686013,0.5810542302094539,0.36542793240952254,0.4486792342197074,0.8107567329625035,0.41801358787870724,0.2628908511388665,0.18214744423753768,120,63,,141,0.13292918943162169,127
1,5,enriched_uf,hist_gradient_boosting,18,45,1202248,300561,3896,975,0,10.072682799996983,0.5978804943728104,0.531156206377766,0.06672428799504448,0.6887372356869734,0.638231807131894,0.050505428555079446,0.6264851394558841,0.5831537371669655,0.5762660785468692,0.3409103801489477,0.42839103869653766,0.8253970941849832,0.41056224859512713,0.24288247643573185,0.18214744423753768,120,63,,141,0.13292918943162169,127
2,1,enriched_uf,hist_gradient_boosting,18,45,1202247,300562,3899,972,0,20.215912499996193,0.5900537081888004,0.5298977776748879,0.06015593051391255,0.6827753035603243,0.6280490874799963,0.054726216080328016,0.6121166348374046,0.5697502902676956,0.5654165763422213,0.31140755834315004,0.40161986542182715,0.8280930221922413,0.4180036065770124,0.23021872359113926,0.033494758473134406,199,63,,169,0.029375384576328288,255
2,2,enriched_uf,hist_gradient_boosting,18,45,1202247,300562,3897,974,0,20.437899099997594,0.5877411249685426,0.5413786092806228,0.046362515687919825,0.6823021537189773,0.6328997992896815,0.04940235442929575,0.6128153259560424,0.5690317784777896,0.5867426204039358,0.2852714154202041,0.3838949625433465,0.8527921415353752,0.42285119210013244,0.20558819810887605,0.033494758473134406,199,63,,169,0.029375384576328288,255
2,3,enriched_uf,hist_gradient_boosting,18,45,1202247,300562,3896,975,0,44.01995100000204,0.5867184273238841,0.5517329808059541,0.03498544651793001,0.6814285018107931,0.6474509950912465,0.03397750671954658,0.6324685089931529,0.584061734958593,0.6030437440245756,0.3112567245075436,0.4105902314612257,0.8568667454096425,0.41127953633526526,0.21227899734497374,0.033494758473134406,199,63,,169,0.029375384576328288,255
2,4,enriched_uf,hist_gradient_boosting,18,45,1202247,300562,3896,975,0,20.10636460000387,0.5869859898568153,0.553049102256962,0.03393688759985325,0.6809864852486737,0.64917957740671,0.031806907841963716,0.6280667549457349,0.5891427320627671,0.5929031392540918,0.35176179371055166,0.44155480844644046,0.8265236704149826,0.41801358787870724,0.24800207611075253,0.033494758473134406,199,63,,169,0.029375384576328288,255
2,5,enriched_uf,hist_gradient_boosting,18,45,1202248,300561,3896,975,0,20.324961400001484,0.5887445524473959,0.5361234741733182,0.05262107827407769,0.6806570562183845,0.6463198439267925,0.03433721229159192,0.6285546028925909,0.5819519540353519,0.5869999556009413,0.32142075705637807,0.4153889656905869,0.8424831510143259,0.41056224859512713,0.22480960603671135,0.033494758473134406,199,63,,169,0.029375384576328288,255
3,1,enriched_uf,hist_gradient_boosting,18,45,1202247,300562,3899,972,0,14.408901099996001,0.5862623062821705,0.5267591083504037,0.05950319793176673,0.6795275860544473,0.6276840261919142,0.051843559862533084,0.6089858332057945,0.5701556440834976,0.5536110817383948,0.33337578401095225,0.4161516602746259,0.8069355041560431,0.4180036065770124,0.25171512034122745,0.11802726789107952,229,15,6.0,180,0.014765043713594356,255
3,2,enriched_uf,hist_gradient_boosting,18,45,1202247,300562,3897,974,0,15.183066799996595,0.5845438445601034,0.5437026325249458,0.04084121203515767,0.6793070559808276,0.6352326748322794,0.044074381148548225,0.6079411236284028,0.5636963518658624,0.575685710079979,0.27694680273500505,0.3739813211215827,0.8504459009967199,0.42285119210013244,0.203422255641099,0.11802726789107952,229,15,6.0,180,0.014765043713594356,255
3,3,enriched_uf,hist_gradient_boosting,18,45,1202247,300562,3896,975,0,28.76888550000149,0.5835522837801591,0.550217984130076,0.033334299650083055,0.6781198295859141,0.6481581568177402,0.029961672768173853,0.6325749762112309,0.5856979911443787,0.599393729168866,0.3215143793228977,0.418529712197639,0.8498816029658598,0.41127953633526526,0.2206100571595877,0.11802726789107952,229,15,6.0,180,0.014765043713594356,255
3,4,enriched_uf,hist_gradient_boosting,18,45,1202247,300562,3896,975,0,14.242637600000307,0.5835792337283083,0.5498556183526806,0.033723615375627736,0.6773213993273332,0.6477178927098755,0.029603506617457698,0.6262534851378417,0.5891613889170513,0.5854012349641193,0.3629525863784335,0.44808780756229855,0.815370191455669,0.41801358787870724,0.2591711527072617,0.11802726789107952,229,15,6.0,180,0.014765043713594356,255
3,5,enriched_uf,hist_gradient_boosting,18,45,1202248,300561,3896,975,0,27.76035419999971,0.5860435321759268,0.540241552629127,0.045801979546799765,0.6773383798291426,0.6504470197379674,0.02689136009117521,0.631249563316598,0.5907881885740607,0.5811685375841267,0.36458966442191587,0.44808079198454276,0.8169867127262054,0.41056224859512713,0.25756169296748416,0.11802726789107952,229,15,6.0,180,0.014765043713594356,255
4,1,enriched_uf,hist_gradient_boosting,18,45,1202247,300562,3899,972,0,13.393148900002416,0.5951292184742794,0.5282276528587876,0.06690156561549176,0.6874620881872653,0.628258828999958,0.05920325918730729,0.6110852336622726,0.5663578734209984,0.5672176520335204,0.2936180712534624,0.38693875838486186,0.8390976755885345,0.4180036065770124,0.2163779852409819,0.08118441500491742,148,63,,78,0.08179499475211674,255
4,2,enriched_uf,hist_gradient_boosting,18,45,1202247,300562,3897,974,0,13.733709800006181,0.5929116061785407,0.5392184718075417,0.053693134370998985,0.6870129729397221,0.6302679164439249,0.0567450564957972,0.6081474038634291,0.5678244454623388,0.5679190540757264,0.30649209633890145,0.3981255301969522,0.8291567945857762,0.42285119210013244,0.2282025006487846,0.08118441500491742,148,63,,78,0.08179499475211674,255
4,3,enriched_uf,hist_gradient_boosting,18,45,1202247,300562,3896,975,0,29.32863489999727,0.5918970262969842,0.5482797087998859,0.043617317497098296,0.6858803100040323,0.6460581191988453,0.03982219080518701,0.6328644339603808,0.5861681440202196,0.5996275605214153,0.32300287181976295,0.4198461643612351,0.8493334162206763,0.41127953633526526,0.22154497241833632,0.08118441500491742,148,63,,78,0.08179499475211674,255
4,4,enriched_uf,hist_gradient_boosting,18,45,1202247,300562,3896,975,0,13.430144400001154,0.5921644952397915,0.5501284128998745,0.04203608233991707,0.68570333386303,0.6490220164001907,0.0366813174628392,0.6279170354203126,0.5916737219537584,0.5870110552257056,0.370641281767604,0.45438312321923424,0.812706162139913,0.41801358787870724,0.26393556071625823,0.08118441500491742,148,63,,78,0.08179499475211674,255
4,5,enriched_uf,hist_gradient_boosting,18,45,1202248,300561,3896,975,0,29.070487400000275,0.5942678555252704,0.5345221562099963,0.05974569931527407,0.6853015581091342,0.6435918847977218,0.0417096733114124,0.6270041688708782,0.5818774612039002,0.5805889826274392,0.3295974845825331,0.4204867357277257,0.8341574378252673,0.41056224859512713,0.23307415133699982,0.08118441500491742,148,63,,78,0.08179499475211674,255
5,1,enriched_uf,hist_gradient_boosting,18,45,1202247,300562,3899,972,0,22.97002639999846,0.5843935914088858,0.5291233782473185,0.05527021316156733,0.6774429740289092,0.6285905051625917,0.048852468866317444,0.6077281891922465,0.5673515961803574,0.5530016447368421,0.3211420293546436,0.4063223831295696,0.8135611630060712,0.4180036065770124,0.2427452572181447,0.03277702274869302,289,31,10.0,194,0.15833718339012065,255
5,2,enriched_uf,hist_gradient_boosting,18,45,1202247,300562,3897,974,0,23.207368499999575,0.5822756176584228,0.5431030173869775,0.03917260027144531,0.6771792466397409,0.6345323145030837,0.04264693213665727,0.6110053832487141,0.5672145060531136,0.5822475833306392,0.2834066392326879,0.38124421158476884,0.8510223728735393,0.42285119210013244,0.20582109514842195,0.03277702274869302,289,31,10.0,194,0.15833718339012065,255
5,3,enriched_uf,hist_gradient_boosting,18,45,1202247,300562,3896,975,0,48.03765679999924,0.5808238027873248,0.5517982258211056,0.029025576966219213,0.6761776491475403,0.6472133790392143,0.02896427010832603,0.6314104910135013,0.5793863527766486,0.6107552870090635,0.2861950410548882,0.38975432411589733,0.8725776644984091,0.41127953633526526,0.19272230022424658,0.03277702274869302,289,31,10.0,194,0.15833718339012065,255
5,4,enriched_uf,hist_gradient_boosting,18,45,1202247,300562,3896,975,0,26.737154899994493,0.5806735426317704,0.5527738395538999,0.027899703077870486,0.6751006898403397,0.650252486502971,0.0248482033373687,0.6267292605186284,0.5917621945914521,0.5823373824451411,0.3785130413327072,0.4588066742883605,0.8050113478501969,0.41801358787870724,0.27170434053539705,0.03277702274869302,289,31,10.0,194,0.15833718339012065,255
5,5,enriched_uf,hist_gradient_boosting,18,45,1202248,300561,3896,975,0,47.10964039999817,0.5829153000485449,0.5404988478930746,0.0424164521554703,0.6749162607038665,0.6500850036429501,0.02483125706091638,0.6327600719986958,0.5924199437176056,0.5839750286989385,0.3668992455368358,0.4506589425067686,0.8179406418983755,0.41056224859512713,0.257947637917095,0.03277702274869302,289,31,10.0,194,0.15833718339012065,255
6,1,enriched_uf,hist_gradient_boosting,18,45,1202247,300562,3899,972,0,15.080883299997367,0.5789725514849244,0.5300588386781792,0.04891371280674528,0.6728376086029537,0.6306871855486383,0.04215042305431538,0.6115477006407996,0.5734162972857875,0.5578435969573825,0.3408975134515585,0.42318637234946543,0.8059350811200164,0.4180036065770124,0.25544147297396214,0.06197763962309192,230,15,,70,0.716404042819101,255
6,2,enriched_uf,hist_gradient_boosting,18,45,1202247,300562,3897,974,0,15.422527800001262,0.5767243549044779,0.5449188040332165,0.03180555087126147,0.6722318711616027,0.637023386224401,0.035208484937201634,0.6109920748464543,0.5708063323918843,0.5740126313338572,0.31036327728513763,0.402888499624638,0.8312493874986309,0.42285119210013244,0.22863169662166208,0.06197763962309192,230,15,,70,0.716404042819101,255
6,3,enriched_uf,hist_gradient_boosting,18,45,1202247,300562,3896,975,0,31.669757499999832,0.5754590701980712,0.5537141890921897,0.021744881105881464,0.6711695729571844,0.6503869243293204,0.020782648627863942,0.6345080216394621,0.5862522780426819,0.6076131494166589,0.3142984265663552,0.41429538753552253,0.8582061295190085,0.41127953633526526,0.21274146432350063,0.06197763962309192,230,15,,70,0.716404042819101,255
6,4,enriched_uf,hist_gradient_boosting,18,45,1202247,300562,3896,975,0,18.99185910000233,0.5748210918659151,0.5534068984113216,0.0214141934545935,0.6703450545309988,0.6510103266867984,0.019334727844200428,0.6297735575355501,0.5938024270544391,0.5900806542653939,0.3744299142782098,0.4581470768691384,0.8131749398306684,0.41801358787870724,0.2652464383388452,0.06197763962309192,230,15,,70,0.716404042819101,255
6,5,enriched_uf,hist_gradient_boosting,18,45,1202248,300561,3896,975,0,31.897788700000092,0.5783567929456598,0.5410753911444395,0.037281401801220304,0.6707073038938979,0.6510361151365619,0.019671188757335978,0.6353884901900113,0.5918558424941459,0.5956506683288316,0.3484874269645621,0.43971696473306954,0.8352242580237297,0.41056224859512713,0.24020082445826305,0.06197763962309192,230,15,,70,0.716404042819101,255
7,1,enriched_uf,hist_gradient_boosting,18,45,1202247,300562,3899,972,0,16.39780050000263,0.5864078508566626,0.5273582371553522,0.059049613701310344,0.6792075781136807,0.628669664909945,0.050537913203735685,0.6108556637232917,0.5693532715283612,0.5612587926212604,0.31627877359992357,0.4045735463310832,0.8224277694567989,0.4180036065770124,0.23555206579674076,0.0705166262783807,159,31,,28,1.0988100318524603,255
7,2,enriched_uf,hist_gradient_boosting,18,45,1202247,300562,3897,974,0,12.755658999994921,0.5838060926344827,0.539868970031215,0.04393712260326765,0.6789402355141755,0.6298187117117489,0.049121523802426625,0.6084900952216181,0.5664868816381591,0.5720425831319405,0.29426482969164314,0.3886195842490557,0.838708933584675,0.42285119210013244,0.2175191807347569,0.0705166262783807,159,31,,28,1.0988100318524603,255
7,3,enriched_uf,hist_gradient_boosting,18,45,1202247,300562,3896,975,0,26.440012999999453,0.5824748441535201,0.5526837858917917,0.029791058261728454,0.6779240744254234,0.6485762410380647,0.02934783338735869,0.6345180029411569,0.588894036419553,0.60082919468495,0.33177203413825185,0.427488872906178,0.846016038700854,0.41127953633526526,0.22710455746235386,0.0705166262783807,159,31,,28,1.0988100318524603,255
7,4,enriched_uf,hist_gradient_boosting,18,45,1202247,300562,3896,975,0,12.792531099999906,0.5827156577795829,0.5512399252199011,0.031475732559681835,0.6769575835466841,0.6482951885621537,0.02866239498453038,0.6262801019423613,0.5892268638283941,0.5853780542551145,0.36325504023432215,0.44831142806624624,0.8151986874224659,0.41801358787870724,0.25939739554567776,0.0705166262783807,159,31,,28,1.0988100318524603,255
7,5,enriched_uf,hist_gradient_boosting,18,45,1202248,300561,3896,975,0,26.06199370000104,0.5853875481149419,0.5385226054846112,0.0468649426303307,0.6768084627800957,0.6485306197780313,0.028277843002064373,0.6344934971603102,0.5914224999167466,0.5927610488533304,0.35063493221176834,0.44062670258104925,0.8322100676217248,0.41056224859512713,0.24285918665428982,0.0705166262783807,159,31,,28,1.0988100318524603,255
8,1,enriched_uf,hist_gradient_boosting,18,45,1202247,300562,3899,972,0,53.36408669999946,0.5955277495171643,0.5297067406169487,0.06582100890021558,0.6876984582985133,0.6298641146297929,0.05783434366872042,0.6123861299831649,0.5756706763812575,0.5576204895281353,0.35178611226081696,0.4314091051069811,0.7995552405016979,0.4180036065770124,0.26370599077727724,0.04648969488407204,287,63,10.0,191,0.011166029133981346,255
8,2,enriched_uf,hist_gradient_boosting,18,45,1202247,300562,3897,974,0,24.996095499998773,0.5931967339722812,0.5396881407862134,0.05350859318606782,0.6874324250131004,0.6323389078883204,0.055093517124780056,0.6090823191221778,0.5644125933278177,0.5796118115461181,0.27490892496046204,0.37293526815496364,0.8539162616951732,0.42285119210013244,0.20055762205468422,0.04648969488407204,287,63,10.0,191,0.011166029133981346,255
8,3,enriched_uf,hist_gradient_boosting,18,45,1202247,300562,3896,975,0,54.68213829999877,0.5924322325912168,0.5495227546278272,0.04290947796338962,0.6864454295543875,0.6475527873518289,0.038892642202558614,0.6330407702903228,0.5890487165763337,0.593790044356826,0.3411236500424706,0.43331449416842216,0.8369737831101969,0.41127953633526526,0.23627404661933313,0.04648969488407204,287,63,10.0,191,0.011166029133981346,255
8,4,enriched_uf,hist_gradient_boosting,18,45,1202247,300562,3896,975,0,25.267698399999063,0.5924219514585655,0.552582420332058,0.03983953112650751,0.6857446470223103,0.6491239863061491,0.03662066071616121,0.625385111890392,0.5889972779486498,0.582352644072933,0.36708346930491326,0.4503136670979081,0.8109110865923863,0.41801358787870724,0.26349305634112097,0.04648969488407204,287,63,10.0,191,0.011166029133981346,255
8,5,enriched_uf,hist_gradient_boosting,18,45,1202248,300561,3896,975,0,54.15496610000264,0.594616583380173,0.537546454297736,0.05707012908243703,0.6857165435066535,0.6464526342618553,0.03926390924479817,0.6322310612487981,0.5889819931507108,0.5883063740971631,0.3471989238162384,0.43668237992100906,0.830765062485183,0.41056224859512713,0.24230023189968092,0.04648969488407204,287,63,10.0,191,0.011166029133981346,255
9,1,enriched_uf,hist_gradient_boosting,18,45,1202247,300562,3899,972,0,45.15974930000084,0.583196185282774,0.5290635618346472,0.05413262344812675,0.6764947710303573,0.6292921639394916,0.047202607090865656,0.6092752909549444,0.5700880860090722,0.5546563562429171,0.33113120443185073,0.41469091561545246,0.8090449675862936,0.4180036065770124,0.2495491778734504,0.032022428000607145,263,31,,123,0.3058656666978526,255
9,2,enriched_uf,hist_gradient_boosting,18,45,1202247,300562,3897,974,0,21.476172099995892,0.581651202525463,0.5415138131005505,0.04013738942491252,0.6763675191969433,0.6337922466360688,0.042575272560874455,0.6069296850566606,0.5610489379851631,0.5770614873357783,0.2636966630734974,0.36198088243235943,0.8584012128968288,0.42285119210013244,0.1932280195101177,0.032022428000607145,263,31,,123,0.3058656666978526,255
9,3,enriched_uf,hist_gradient_boosting,18,45,1202247,300562,3896,975,0,44.74127749999752,0.5794183576157762,0.552327867301199,0.02709049031457722,0.6751429259882397,0.6484262253801988,0.026716700608040878,0.6344714235332477,0.5847070585632925,0.6118531292196067,0.30425110221251467,0.4064100624581271,0.8651630149140703,0.41127953633526526,0.20451354462639987,0.032022428000607145,263,31,,123,0.3058656666978526,255
9,4,enriched_uf,hist_gradient_boosting,18,45,1202247,300562,3896,975,0,21.870167099994433,0.579772469843814,0.5525784841177533,0.027193985726060688,0.6744147723296429,0.6507613167468589,0.023653455582783978,0.625957373187562,0.5896537473942691,0.5833102196222799,0.3682534881684827,0.45148006655054473,0.8110540066200557,0.41801358787870724,0.26389896261004386,0.032022428000607145,263,31,,123,0.3058656666978526,255
9,5,enriched_uf,hist_gradient_boosting,18,45,1202248,300561,3896,975,0,44.72450299999764,0.5818995823170648,0.5397001866384779,0.04219939567858699,0.6740457815084295,0.6493546371766685,0.024691144331761006,0.6333988774325345,0.5894733857659991,0.5921884375479676,0.34390878370165073,0.4351231916006193,0.8350379878303473,0.41056224859512713,0.23843080106866826,0.032022428000607145,263,31,,123,0.3058656666978526,255
10,1,enriched_uf,hist_gradient_boosting,18,45,1202247,300562,3899,972,0,17.925540199998068,0.5783399088750705,0.528663352702623,0.049676556172447484,0.6711870023394813,0.6287690193126523,0.042417983026828976,0.6121166348374046,0.5728946944524356,0.5605122789192947,0.33372600210130854,0.41836169607711077,0.8120633868035626,0.4180036065770124,0.24887710355933218,0.0672064407782783,103,31,6.0,165,1.8453732926615927,255
10,2,enriched_uf,hist_gradient_boosting,18,45,1202247,300562,3897,974,0,8.572132799999963,0.5770833712397434,0.5393890032958648,0.03769436794387859,0.6714494205225188,0.6303015309144502,0.04114788960806859,0.6080043385391367,0.5621492746488259,0.579843653144156,0.26496345196037546,0.3637217892843835,0.8593350973372764,0.42285119210013244,0.19322469240955278,0.0672064407782783,103,31,6.0,165,1.8453732926615927,255
10,3,enriched_uf,hist_gradient_boosting,18,45,1202247,300562,3896,975,0,10.714890000002924,0.5743535320887966,0.5527654261525828,0.021588105936213742,0.6690608234506221,0.6487861924987549,0.020274630951867212,0.6307849961072923,0.5788721878244344,0.6087270600780861,0.2863082959187801,0.38944519025506724,0.8714360797300886,0.41127953633526526,0.19344095394627397,0.0672064407782783,103,31,6.0,165,1.8453732926615927,255
10,4,enriched_uf,hist_gradient_boosting,18,45,1202247,300562,3896,975,0,8.60441699999501,0.5742301343555223,0.5536111829084144,0.020618951447107903,0.6688878725283918,0.648580639645324,0.020307232883067794,0.6304256692462786,0.5915382310965721,0.5977258387144411,0.354380407357588,0.44495522865366166,0.8286960548355562,0.41801358787870724,0.24783239398194049,0.0672064407782783,103,31,6.0,165,1.8453732926615927,255
10,5,enriched_uf,hist_gradient_boosting,18,45,1202248,300561,3896,975,0,17.68124959999841,0.5774285326023633,0.538995248758944,0.038433283843419264,0.6687465384305722,0.6512204790205249,0.017526059410047257,0.6326536044263893,0.5902429639992708,0.5875658985802311,0.3531471081613303,0.44114878066064,0.8273388198372111,0.41056224859512713,0.24676188860164824,0.0672064407782783,103,31,6.0,165,1.8453732926615927,255
11,1,enriched_uf,hist_gradient_boosting,18,45,1202247,300562,3899,972,0,33.16738620000251,0.5986682556362055,0.5267587732597216,0.07190948237648387,0.6901411980978773,0.6295428320135709,0.060598366084306465,0.6077880770024154,0.5624587961332745,0.5604453870625663,0.28604858480053486,0.37877318718381114,0.8388690074660142,0.4180036065770124,0.21334699662632003,0.17831285136673095,194,63,6.0,59,2.1154290797261215,255
11,2,enriched_uf,hist_gradient_boosting,18,45,1202247,300562,3897,974,0,15.527838299996802,0.5962536804091241,0.5336193600719299,0.06263432033719418,0.6900885182553285,0.6246877721385289,0.06540074611679958,0.600228904518868,0.5576334821586701,0.5536628761506923,0.2815733360609947,0.37329967453893015,0.8336936282563455,0.42285119210013244,0.21504714501500521,0.17831285136673095,194,63,6.0,59,2.1154290797261215,255
11,3,enriched_uf,hist_gradient_boosting,18,45,1202247,300562,3896,975,0,29.83537459999934,0.5953560600950867,0.549031899975986,0.04632416011910068,0.6887250561856451,0.6457280500334193,0.04299700615222579,0.6311376687671761,0.5864278653524213,0.5911437109481119,0.33445779233911743,0.4272089442739494,0.8383979383657253,0.41127953633526526,0.23269408641145586,0.17831285136673095,194,63,6.0,59,2.1154290797261215,255
11,4,enriched_uf,hist_gradient_boosting,18,45,1202247,300562,3896,975,0,15.443978800001787,0.5955437224756267,0.5485947687219428,0.04694895375368391,0.6883728366657299,0.6462600796250068,0.04211275704072315,0.6206173767808306,0.5893974242906953,0.5654886123926948,0.3990003104131679,0.4678750093332338,0.7797945381682226,0.41801358787870724,0.29494413798151464,0.17831285136673095,194,63,6.0,59,2.1154290797261215,255
11,5,enriched_uf,hist_gradient_boosting,18,45,1202248,300561,3896,975,0,22.643380200002866,0.5977913580988029,0.5379084914063023,0.05988286669250065,0.6882514177158358,0.6450916893200653,0.043159728395770425,0.625739866449739,0.5883511807491948,0.5659617686531975,0.3793304645904748,0.45422258449535674,0.7973718969079148,0.41056224859512713,0.27517542196093303,0.17831285136673095,194,63,6.0,59,2.1154290797261215,255
12,1,enriched_uf,hist_gradient_boosting,18,45,1202247,300562,3899,972,0,19.573847200001183,0.5891688294672771,0.5277809039004138,0.061387925566863344,0.6818400257470995,0.629694872854159,0.052145152892940416,0.6105029910634079,0.5729561207080507,0.555014768203416,0.34400171925244355,0.42474423358525054,0.8019105221636578,0.4180036065770124,0.2590813209920083,0.12383540411903858,123,31,,143,3.4166582909960423,127
12,2,enriched_uf,hist_gradient_boosting,18,45,1202247,300562,3897,974,0,17.009590899993782,0.5867902395165343,0.5417384016616422,0.045051837854892085,0.6816181409616587,0.6335992902822505,0.048018850679408254,0.6158230248667497,0.5758602782500601,0.5843321048202211,0.3168624550525993,0.41090551040502826,0.8348581014475209,0.42285119210013244,0.22929711673465042,0.12383540411903858,123,31,,143,3.4166582909960423,127
12,3,enriched_uf,hist_gradient_boosting,18,45,1202247,300562,3896,975,0,19.5470706000051,0.5859729442185889,0.5520552244260338,0.03391771979255509,0.6805159804970567,0.6479588773618988,0.03255710313515792,0.6299399125637971,0.577687539007554,0.6074892849086397,0.2832099664280225,0.38631899538743353,0.8721651115870854,0.41127953633526526,0.19173747845702385,0.12383540411903858,123,31,,143,3.4166582909960423,127
12,4,enriched_uf,hist_gradient_boosting,18,45,1202247,300562,3896,975,0,9.562656200003403,0.5856575559388919,0.5502939708887398,0.035363585050152135,0.6793761472645456,0.6490876634676076,0.030288483796938048,0.6257610742542304,0.5904460176781122,0.5811249090527926,0.37507461854997254,0.4558989986939486,0.8058174168062519,0.41801358787870724,0.26979791191168545,0.12383540411903858,123,31,,143,3.4166582909960423,127
12,5,enriched_uf,hist_gradient_boosting,18,45,1202248,300561,3896,975,0,9.851434099997277,0.5881553832552884,0.5388070530049439,0.04934833025034446,0.6800404143303763,0.6502306477867322,0.02980976654364409,0.6288008091535495,0.5889200292663227,0.5753672489138606,0.36596730929748217,0.44737676335393883,0.8118727492351633,0.41056224859512713,0.26114166508628867,0.12383540411903858,123,31,,143,3.4166582909960423,127
13,1,enriched_uf,hist_gradient_boosting,18,45,1202247,300562,3899,972,0,37.27971100000286,0.5934155491947636,0.5285523908297016,0.06486315836506196,0.6855601682880473,0.6278219874056807,0.057738180882366597,0.6136504281978427,0.5767826421516205,0.5602716468590832,0.3519691808080487,0.43233836196361003,0.8015961034951923,0.4180036065770124,0.2625947391885867,0.05262881430997495,188,63,,28,0.06729728537157746,127
13,2,enriched_uf,hist_gradient_boosting,18,45,1202247,300562,3897,974,0,37.614744400001655,0.5910761274175811,0.5408605690462391,0.05021555837134195,0.6853528754704181,0.6331777767293153,0.05217509874110282,0.6170973043831223,0.5738814910767859,0.5957908509246406,0.29380060270825303,0.3935373038373576,0.8539623794453187,0.42285119210013244,0.20851937370658966,0.05262881430997495,188,63,,28,0.06729728537157746,127
13,3,enriched_uf,hist_gradient_boosting,18,45,1202247,300562,3896,975,0,37.64134080000076,0.5899345984749589,0.549103246341648,0.040831352133310905,0.684152340600053,0.6463038994497959,0.037848441150257095,0.6282131473705924,0.5837636422389305,0.5841581350500553,0.33326052663511707,0.42440132483761467,0.8342667578427438,0.41127953633526526,0.23463378604081686,0.05262881430997495,188,63,,28,0.06729728537157746,127
13,4,enriched_uf,hist_gradient_boosting,18,45,1202247,300562,3896,975,0,17.30291589999979,0.5900174686250763,0.5520396823236069,0.03797778630146942,0.6837158023387869,0.6500923332586986,0.033623469080088286,0.6262501580372768,0.5888748528888752,0.5859520363861898,0.3609388804431745,0.44671010830858343,0.8168108253345758,0.41801358787870724,0.25749096692196616,0.05262881430997495,188,63,,28,0.06729728537157746,127
13,5,enriched_uf,hist_gradient_boosting,18,45,1202248,300561,3896,975,0,17.566706600002362,0.5920242807968253,0.5348594513059408,0.05716482949088453,0.6833923012158111,0.6432270807566269,0.04016522045918414,0.6223695023639129,0.579136304375667,0.5674416069335805,0.337441956579875,0.42321159054990065,0.8208306521714589,0.41056224859512713,0.24415010596850556,0.05262881430997495,188,63,,28,0.06729728537157746,127
14,1,enriched_uf,hist_gradient_boosting,18,45,1202247,300562,3899,972,0,46.50512139999773,0.5934238447664902,0.531127152148932,0.062296692617558214,0.6856650777772904,0.6294232187975352,0.0562418589797552,0.6118305041888196,0.5759368195408607,0.5555211571087142,0.35706326212232165,0.43471309032942645,0.7948103769593999,0.4180036065770124,0.26867335192073516,0.04373658216581733,238,63,10.0,100,2.0736445177905036,255
14,2,enriched_uf,hist_gradient_boosting,18,45,1202247,300562,3897,974,0,46.89666950000537,0.5913315209800178,0.5410327831828152,0.05029873779720262,0.6854189930335757,0.632101719282334,0.05331727375124162,0.6089392537978853,0.5633357504343324,0.5816513134282443,0.2677802868765392,0.3667270101937458,0.8588912139921254,0.42285119210013244,0.1946719811553024,0.04373658216581733,238,63,10.0,100,2.0736445177905036,255
14,3,enriched_uf,hist_gradient_boosting,18,45,1202247,300562,3896,975,0,46.426799399996526,0.5902743091829228,0.5495749822958276,0.04069932688709521,0.6843851304350521,0.6471442494261878,0.03724088100886436,0.6325516865072763,0.5845407799983836,0.6022064299900695,0.31396675160781456,0.41274466535150456,0.8551148083889526,0.41127953633526526,0.21442497720936113,0.04373658216581733,238,63,10.0,100,2.0736445177905036,255
14,4,enriched_uf,hist_gradient_boosting,18,45,1202247,300562,3896,975,0,21.48089759999857,0.5901956694849234,0.5530778105437693,0.03711785894115416,0.6837766952470706,0.651165942991732,0.032610752255338604,0.6276375589728576,0.5919493938120427,0.5854007692977979,0.37430256528625666,0.45663488241120154,0.8095962223378287,0.41801358787870724,0.2672759696834597,0.04373658216581733,238,63,10.0,100,2.0736445177905036,255
14,5,enriched_uf,hist_gradient_boosting,18,45,1202248,300561,3896,975,0,21.957063300003938,0.5922955551561717,0.5378493075388645,0.05444624761730721,0.6833601008608993,0.646149053903612,0.037211046957287275,0.628255162845479,0.5883514286494682,0.5743300926338859,0.3652703830663133,0.4465425004953438,0.8114324742326232,0.41056224859512713,0.261115048193212,0.04373658216581733,238,63,10.0,100,2.0736445177905036,255
