candidate_id,fold,feature_set,model,raw_features,transformed_features,train_rows,validation_rows,train_municipalities,validation_municipalities,municipality_overlap,train_evaluation_rows,runtime_seconds,train_sample_pr_auc_risk,validation_pr_auc_risk,estimated_pr_auc_gap_train_validation,train_sample_roc_auc_literate,validation_roc_auc_literate,estimated_roc_auc_gap_train_validation,validation_accuracy,validation_balanced_accuracy,validation_precision_risk,validation_recall_risk,validation_f1_risk,validation_recall_literate,validation_actual_risk_rate,validation_predicted_risk_rate,n_estimators,max_depth,min_samples_split,min_samples_leaf,max_features,class_weight,criterion
0,1,enriched_uf,random_forest,18,45,1202247,300562,3899,972,0,250000,250.32498029999988,0.5840365795144754,0.5257742659908792,0.05826231352359623,0.6772615054806775,0.626338748945235,0.05092275653544254,0.610556224672447,0.5640553291592826,0.5693398817409286,0.28050081186920944,0.37583584843281753,0.8476098464493558,0.4180036065770124,0.20594087076875986,150,12.0,100,50,sqrt,,gini
0,2,enriched_uf,random_forest,18,45,1202247,300562,3897,974,0,250000,119.26175019999937,0.5819659310877289,0.5418380603500985,0.040127870737630356,0.6794778221724913,0.6350221916342248,0.04445563053826651,0.6055489383222097,0.553753558564404,0.5910137757495628,0.218068658384018,0.3185870208693753,0.8894384587447901,0.42285119210013244,0.15602105389237494,150,12.0,100,50,sqrt,,gini
0,3,enriched_uf,random_forest,18,45,1202247,300562,3896,975,0,250000,123.42388270000083,0.5790574937759103,0.5493218674537591,0.02973562632215121,0.6765150602726497,0.6502047776765616,0.02631028259608814,0.6227367398406984,0.5673346939293735,0.5967339060666843,0.2551065809165554,0.3574160862740209,0.8795628069421917,0.41127953633526526,0.1758239564549078,150,12.0,100,50,sqrt,,gini
0,4,enriched_uf,random_forest,18,45,1202247,300562,3896,975,0,250000,240.46391330000188,0.5844795052711488,0.5524273208306343,0.0320521844405145,0.678694500218466,0.6503318912909765,0.02836260892748954,0.6280667549457349,0.5816572307109514,0.6131757861018501,0.29862542681810583,0.40164430194779127,0.8646890346037971,0.41801358787870724,0.20357862936765125,150,12.0,100,50,sqrt,,gini
0,5,enriched_uf,random_forest,18,45,1202248,300561,3896,975,0,250000,105.66508610000164,0.581869630000179,0.5347884105346689,0.04708121946551014,0.6737964967368346,0.6440551064138241,0.029741390323010486,0.6292699318940248,0.5782058848358831,0.599313136675847,0.2927333284710573,0.3933403385364207,0.8636784412007089,0.41056224859512713,0.2005383266624745,150,12.0,100,50,sqrt,,gini
1,1,enriched_uf,random_forest,18,45,1202247,300562,3899,972,0,250000,374.729032999996,0.5934651079700581,0.5268928077700137,0.06657230020004445,0.6867228386410991,0.628582164716875,0.05814067392422406,0.6111717382769611,0.5662516452420789,0.5677802340501182,0.2923365914228406,0.3859544038292797,0.8401666990613174,0.4180036065770124,0.21522015424438218,150,,400,150,log2,,gini
1,2,enriched_uf,random_forest,18,45,1202247,300562,3897,974,0,250000,198.61218189999636,0.5913942812656002,0.5435322403430424,0.04786204092255786,0.6884929917056626,0.6372379405087334,0.05125505119692919,0.6082804878860268,0.557880634570744,0.5946662350013152,0.23124011550596807,0.33299341695276297,0.8845211536355199,0.42285119210013244,0.16442863701998256,150,,400,150,log2,,gini
1,3,enriched_uf,random_forest,18,45,1202247,300562,3896,975,0,250000,197.2226959000036,0.588426912071342,0.5491301991386743,0.03929671293266768,0.6852650180474981,0.6513918755519589,0.03387314249553919,0.6296304922112576,0.5787426081972733,0.6026651526284149,0.29195485984710595,0.39335364225418123,0.8655303565474407,0.41127953633526526,0.1992400902309673,150,,400,150,log2,,gini
1,4,enriched_uf,random_forest,18,45,1202247,300562,3896,975,0,250000,402.6887671000004,0.5938149458171047,0.5512487047638751,0.04256624105322959,0.6881571588134539,0.6489740269219485,0.03918313189150535,0.6284560257118331,0.5837150331948919,0.6088705277106555,0.3108588893576039,0.41158369514816845,0.8565711770321799,0.41801358787870724,0.2134168657381838,150,,400,150,log2,,gini
1,5,enriched_uf,random_forest,18,45,1202248,300561,3896,975,0,250000,180.51331119999668,0.5911688217711225,0.533772539401983,0.05739628236913952,0.6836226769625118,0.6437318189787322,0.03989085798377956,0.6337082988145502,0.5863113628181666,0.6008030303030303,0.32133971912252124,0.41872449168158227,0.8512830065138122,0.41056224859512713,0.21958936788206054,150,,400,150,log2,,gini
2,1,enriched_uf,random_forest,18,45,1202247,300562,3899,972,0,250000,234.49685650000174,0.5913056434190688,0.5280537792818111,0.0632518641372577,0.6844784746892351,0.6295161413860222,0.054962333303212874,0.5686447388558766,0.5824679496234291,0.4883037697244551,0.6667595275239581,0.5637460588787531,0.49817637172289997,0.4180036065770124,0.5707674290163095,250,16.0,400,50,log2,balanced_subsample,entropy
2,2,enriched_uf,random_forest,18,45,1202247,300562,3897,974,0,250000,400.0092932000043,0.5890381517515365,0.5430709900589642,0.04596716169257231,0.6862176746385327,0.636832765821552,0.049384908816980655,0.5867242033257697,0.5963893804276674,0.5087403880027697,0.6590292148269378,0.5742139162447597,0.533749546028397,0.42285119210013244,0.5477671828108677,250,16.0,400,50,log2,balanced_subsample,entropy
2,3,enriched_uf,random_forest,18,45,1202247,300562,3896,975,0,250000,312.697577299994,0.5860338211740383,0.5509621237137221,0.03507169746031624,0.6829634217350826,0.6519409815455811,0.03102244018950151,0.6131613444147963,0.6034134009444103,0.5286384830102765,0.5484771265623104,0.5383751076948732,0.6583496753265102,0.41127953633526526,0.4267139558560297,250,16.0,400,50,log2,balanced_subsample,entropy
2,4,enriched_uf,random_forest,18,45,1202247,300562,3896,975,0,250000,491.1468900000036,0.5915634288250167,0.5545586564223224,0.037004772402694286,0.6857415727116096,0.6513278936937532,0.03441367901785641,0.6056287887357683,0.6035986487980415,0.5251177061094066,0.5912176951424319,0.5562107580505666,0.615979602453651,0.41801358787870724,0.47063168331325983,250,16.0,400,50,log2,balanced_subsample,entropy
2,5,enriched_uf,random_forest,18,45,1202248,300561,3896,975,0,250000,223.74665079999977,0.5892043261400763,0.5327809556569317,0.05642337048314461,0.681289277282653,0.6451929382048299,0.03609633907782306,0.5986871217489961,0.5985538404976178,0.5096022326918028,0.5978087342685111,0.5501926110450222,0.5992989467267247,0.41056224859512713,0.4816260259980503,250,16.0,400,50,log2,balanced_subsample,entropy
3,1,enriched_uf,random_forest,18,45,1202247,300562,3899,972,0,250000,411.30943440000556,0.5863396213418575,0.5276084193079058,0.05873120203395166,0.6785163270166168,0.6281575306561172,0.05035879636049956,0.567480253658147,0.579339110345378,0.4870229915826418,0.6516523926263172,0.5574366533783163,0.5070258280644386,0.4180036065770124,0.5593022404695205,250,12.0,200,50,0.5,balanced_subsample,entropy
3,2,enriched_uf,random_forest,18,45,1202247,300562,3897,974,0,250000,720.3701149999979,0.5828568147512808,0.5447939034228808,0.038062911328400006,0.6793807087771523,0.6369489318014564,0.04243177697569589,0.5844151955337002,0.5938799674997118,0.5066437906110827,0.6552209799123476,0.571432492614691,0.532538955087076,0.42285119210013244,0.5468555572560736,250,12.0,200,50,0.5,balanced_subsample,entropy
3,3,enriched_uf,random_forest,18,45,1202247,300562,3896,975,0,250000,687.2399762999994,0.5793323686549682,0.5514548490645482,0.027877519590419952,0.6757050477293286,0.6507582768794862,0.024946770849842426,0.610779140410298,0.6054266750797626,0.5244483450351053,0.5752619018727501,0.5486811698758135,0.6355914482867752,0.41127953633526526,0.4511282198015717,250,12.0,200,50,0.5,balanced_subsample,entropy
3,4,enriched_uf,random_forest,18,45,1202247,300562,3896,975,0,250000,362.97173759999714,0.5847891307844352,0.5568106146157872,0.027978516168647993,0.6783491745135903,0.6520121901313994,0.026336984382190898,0.5868606144489323,0.5991074365198114,0.504364145491376,0.6737955571120432,0.5768968666094233,0.5244193159275795,0.41801358787870724,0.5584371943226356,250,12.0,200,50,0.5,balanced_subsample,entropy
3,5,enriched_uf,random_forest,18,45,1202248,300561,3896,975,0,250000,311.2608507000041,0.5821669220284243,0.5338953610617702,0.04827156096665419,0.6728656875865743,0.6443465334834586,0.028519154103115674,0.5827036774564897,0.5906383591719754,0.4936247952626937,0.6349970421154142,0.5554567075094191,0.5462796762285366,0.41056224859512713,0.5281457008727014,250,12.0,200,50,0.5,balanced_subsample,entropy
4,1,enriched_uf,random_forest,18,45,1202247,300562,3899,972,0,250000,197.37942239999393,0.5792450413041828,0.5273495774560324,0.05189546384815036,0.6741179516675632,0.6292619450328493,0.044856006634713896,0.567600029278485,0.5831011375535815,0.4876084653054211,0.677624247827056,0.5671233150474135,0.488578027280107,0.4180036065770124,0.5808951231359919,300,12.0,100,200,log2,balanced_subsample,entropy
4,2,enriched_uf,random_forest,18,45,1202247,300562,3897,974,0,250000,314.5682866999996,0.5774585509630226,0.539750878293398,0.0377076726696246,0.6760932004623303,0.6342662371234207,0.04182696333890967,0.5805091794704587,0.5938333361578609,0.5029380279723534,0.680186949713989,0.578285286159136,0.5074797226017329,0.42285119210013244,0.5718753535044351,300,12.0,100,200,log2,balanced_subsample,entropy
4,3,enriched_uf,random_forest,18,45,1202247,300562,3896,975,0,250000,322.6047359000004,0.5731819342448785,0.5496982745907412,0.023483659654137345,0.6730906494833206,0.650497733700686,0.02259291578263467,0.6093351787651133,0.6020400532408745,0.5233843088117631,0.5609270719572867,0.5415057575840404,0.6431530345244622,0.41127953633526526,0.4407809370446031,300,12.0,100,200,log2,balanced_subsample,entropy
4,4,enriched_uf,random_forest,18,45,1202247,300562,3896,975,0,250000,153.1764289000057,0.5793837113686737,0.5515816348697267,0.02780207649894706,0.6749196554695716,0.6492523696906043,0.025667285778967264,0.6025379123109376,0.5996122644705535,0.5220592961881022,0.5817699918019087,0.5502996446425344,0.6174545371391984,0.41801358787870724,0.4658240229969191,300,12.0,100,200,log2,balanced_subsample,entropy
4,5,enriched_uf,random_forest,18,45,1202248,300561,3896,975,0,250000,147.2815507999985,0.5773677467083167,0.5333043874626873,0.04406335924562943,0.6708952943729295,0.6444143873493515,0.02648090702357797,0.5889819371109359,0.594725764954533,0.4995576049961573,0.6268365221760306,0.5560060092438848,0.5626150077330353,0.41056224859512713,0.5151666383862178,300,12.0,100,200,log2,balanced_subsample,entropy
5,1,enriched_uf,random_forest,18,45,1202247,300562,3899,972,0,250000,639.5967299999975,0.59961768804106,0.5276444455649371,0.07197324247612291,0.6908767947978148,0.6286476007094074,0.062229194088407436,0.5766197989100419,0.5857757958393895,0.49503789134947246,0.6416075010347353,0.5588726730682566,0.5299440906440438,0.4180036065770124,0.5417650933917129,150,,400,20,0.5,balanced,entropy
5,2,enriched_uf,random_forest,18,45,1202247,300562,3897,974,0,250000,646.718028700001,0.5973714643685243,0.5435303939738702,0.053841070394654134,0.6926599829536981,0.6351349329285748,0.057525050025123314,0.5854099986026178,0.5927791946255544,0.5077432593414956,0.6405388180308907,0.5664623242156241,0.545019571220218,0.42285119210013244,0.5334440148787938,150,,400,20,0.5,balanced,entropy
5,3,enriched_uf,random_forest,18,45,1202247,300562,3896,975,0,250000,979.554496100005,0.5945397531316154,0.5492527883904074,0.04528696474120808,0.6893987302742912,0.6485787425349345,0.04081998773935669,0.6079045255221884,0.6008054943587521,0.5216962673088501,0.5607976378271246,0.5405407512817014,0.6408133508903796,0.41127953633526526,0.4421051230694499,150,,400,20,0.5,balanced,entropy
5,4,enriched_uf,random_forest,18,45,1202247,300562,3896,975,0,250000,462.21077089999744,0.5998092378879818,0.553655468514888,0.04615376937309379,0.6921825766775279,0.6494867300518528,0.04269584662567516,0.5912656955969151,0.5965344404784994,0.5089862805369214,0.6286662580886508,0.5625311587493769,0.5644026228683477,0.41801358787870724,0.5163027927682142,150,,400,20,0.5,balanced,entropy
5,5,enriched_uf,random_forest,18,45,1202248,300561,3896,975,0,250000,474.9190305999946,0.5974387385146543,0.5334265230892675,0.06401221542538682,0.6878859288274094,0.6440809502517657,0.043804978575643694,0.584776468004831,0.5899152616567709,0.4954536899423031,0.6186435870631043,0.5502378549805391,0.5611869362504375,0.41056224859512713,0.5126446877672086,150,,400,20,0.5,balanced,entropy
6,1,enriched_uf,random_forest,18,45,1202247,300562,3899,972,0,250000,139.5291986000011,0.5696097038067404,0.5260286567579532,0.04358104704878718,0.6618733992039991,0.6255667801263108,0.036306619077688285,0.5592423526593515,0.5752997031860614,0.48057091233472915,0.6732146836893884,0.5608102507998077,0.4773847226827344,0.4180036065770124,0.58556637232917,150,8.0,100,150,0.5,balanced,entropy
6,2,enriched_uf,random_forest,18,45,1202247,300562,3897,974,0,250000,73.53377180000098,0.5648358522431833,0.5384389021973635,0.026396950045819878,0.6615063810985157,0.6295843877754208,0.031921993323094866,0.5718587180016104,0.5892841510218052,0.49558539348304126,0.70221806079013,0.5810786614883275,0.47635024125348047,0.42285119210013244,0.5991575781369568,150,8.0,100,150,0.5,balanced,entropy
6,3,enriched_uf,random_forest,18,45,1202247,300562,3896,975,0,250000,137.7033186999979,0.5621210630046982,0.55167304353046,0.010448019474238235,0.6591576548750469,0.6498501866549682,0.009307468220078663,0.6041848270905836,0.6057961179961057,0.5157700450572716,0.6148768353355175,0.5609798400637679,0.5967154006566938,0.41127953633526526,0.4903081560543249,150,8.0,100,150,0.5,balanced,entropy
6,4,enriched_uf,random_forest,18,45,1202247,300562,3896,975,0,250000,70.45250759999908,0.5678802727317002,0.5538573890015704,0.01402288373012972,0.6611509880082187,0.6503900309703099,0.010760957037908803,0.5919710409166827,0.5976248037481217,0.50962889760192,0.6321046808713855,0.5642976921327876,0.5631449266248578,0.41801358787870724,0.5184720623365562,150,8.0,100,150,0.5,balanced,entropy
6,5,enriched_uf,random_forest,18,45,1202248,300561,3896,975,0,250000,70.16640870000265,0.5643806074602562,0.5315172328209568,0.03286337463929945,0.6555699278348923,0.6418696825795582,0.013700245255334087,0.5748350584407158,0.5890444713612681,0.4870430834450224,0.6684819163850598,0.5635178708055525,0.5096070263374765,0.41056224859512713,0.5635095704366169,150,8.0,100,150,0.5,balanced,entropy
7,1,enriched_uf,random_forest,18,45,1202247,300562,3899,972,0,250000,1068.1968408999965,0.5977135674151292,0.5289602382891915,0.06875332912593768,0.6896247938043875,0.6287552690756032,0.06086952472878426,0.5718653722027403,0.5808681042713403,0.490647747166682,0.6357652265274284,0.5538586351675098,0.5259709820152522,0.4180036065770124,0.5416353364696801,250,,100,150,0.5,balanced_subsample,entropy
7,2,enriched_uf,random_forest,18,45,1202247,300562,3897,974,0,250000,789.9421376000028,0.5955006451000994,0.5446987245463109,0.050801920553788515,0.6915869165261918,0.6362137876655024,0.05537312886068935,0.5830311216986844,0.5926472494329262,0.505366813181476,0.6549691957857632,0.5705238700656936,0.5303253030800892,0.42285119210013244,0.5480266966549331,250,,100,150,0.5,balanced_subsample,entropy
7,3,enriched_uf,random_forest,18,45,1202247,300562,3896,975,0,250000,1694.029329900004,0.5926811448178881,0.5515436819468719,0.04113746287101627,0.6882801260588617,0.6499982494299426,0.03828187662891913,0.6110918878634025,0.604498780987855,0.5251759772352853,0.5673421510334506,0.5454453539693959,0.6416554109422595,0.41127953633526526,0.4443010094423114,250,,100,150,0.5,balanced_subsample,entropy
7,4,enriched_uf,random_forest,18,45,1202247,300562,3896,975,0,250000,764.7571004999991,0.5979241199649409,0.5559057110680825,0.04201840889685837,0.6910958663405992,0.650261731877946,0.04083413446265316,0.597204570105336,0.5996273957085867,0.515265799802419,0.6144031709898996,0.5604844418789549,0.5848516204272737,0.41801358787870724,0.49843958983504233,250,,100,150,0.5,balanced_subsample,entropy
7,5,enriched_uf,random_forest,18,45,1202248,300561,3896,975,0,250000,772.1019191000014,0.5955313585616391,0.5334460064708457,0.062085352090793355,0.6867374427122893,0.6437958796662546,0.04294156304603469,0.584477027957719,0.5893095852314505,0.49514645277638525,0.6163259021547987,0.5491303186304595,0.5622932683081022,0.41056224859512713,0.5110410199593427,250,,100,150,0.5,balanced_subsample,entropy
8,1,enriched_uf,random_forest,18,45,1202247,300562,3899,972,0,250000,287.8149712000013,0.5851570801714779,0.5287444887200914,0.05641259145138655,0.6772426768913389,0.6286389772405679,0.04860369965077094,0.6126456438272303,0.5694096959190578,0.5681179567570765,0.30576427138718204,0.39755968828588284,0.8330551204509336,0.4180036065770124,0.22497188600022625,250,12.0,50,200,0.5,,gini
8,2,enriched_uf,random_forest,18,45,1202247,300562,3897,974,0,250000,284.78577249999944,0.5817698709627074,0.5459968718119704,0.03577299915073695,0.6779992442803598,0.6374230043419209,0.04057623993843895,0.6103632528396803,0.5599910559149804,0.6010895761184357,0.2335297774070956,0.33637445458151527,0.8864523344228652,0.42285119210013244,0.16428224459512514,250,12.0,50,200,0.5,,gini
8,3,enriched_uf,random_forest,18,45,1202247,300562,3896,975,0,250000,579.8459084999995,0.5787415847256511,0.5526942386991613,0.026047346026489726,0.6746378556975555,0.6519266170029153,0.0227112386946402,0.6313372948010727,0.5808541724473006,0.6059347966323172,0.2963475306394855,0.39802903211786694,0.8653608142551159,0.41127953633526526,0.2011465188546789,250,12.0,50,200,0.5,,gini
8,4,enriched_uf,random_forest,18,45,1202247,300562,3896,975,0,250000,268.65625400000135,0.5843059546373789,0.5566873591720779,0.027618595465300988,0.6776949894996431,0.6521224455972867,0.025572543902356415,0.6320692569253599,0.5903063606302833,0.6086404249483971,0.3356123496684947,0.43265373131265455,0.845000371592072,0.41801358787870724,0.23049820003859436,250,12.0,50,200,0.5,,gini
8,5,enriched_uf,random_forest,18,45,1202248,300561,3896,975,0,250000,271.7206787999967,0.581159295013487,0.5339497297628562,0.0472095652506308,0.6719548422254263,0.644368067712715,0.0275867745127113,0.6313460495540006,0.5831160443180456,0.5972333724448836,0.3134871433317936,0.4111579361325603,0.8527449453042978,0.41056224859512713,0.2155036747948004,250,12.0,50,200,0.5,,gini
9,1,enriched_uf,random_forest,18,45,1202247,300562,3899,972,0,250000,265.26344890000473,0.590431985377537,0.5282447891593869,0.062187196218150165,0.6838322114016867,0.6292229262911903,0.05460928511049645,0.5686613743587013,0.5824003792179318,0.4883080513418903,0.6661784838740489,0.5635411195949313,0.49862227456181474,0.4180036065770124,0.5702650368310033,250,16.0,100,150,sqrt,balanced_subsample,entropy
9,2,enriched_uf,random_forest,18,45,1202247,300562,3897,974,0,250000,330.3406363999966,0.5880165661848022,0.5439989892235078,0.04401757696129449,0.6855644986206041,0.6370881565657169,0.048476342054887156,0.584198933996979,0.5954501177889601,0.5063151557778162,0.6683688322724304,0.5761639264203158,0.5225314033054898,0.42285119210013244,0.55819098888083,250,16.0,100,150,sqrt,balanced_subsample,entropy
9,3,enriched_uf,random_forest,18,45,1202247,300562,3896,975,0,250000,563.7416679000016,0.5850690496836609,0.5517288384030964,0.033340211280564525,0.6823186786279086,0.650591523557756,0.03172715507015267,0.6118571209933391,0.6026921830420247,0.5268951113861386,0.5510415402661489,0.5386978785662033,0.6543428258179003,0.41127953633526526,0.43012756103565986,250,16.0,100,150,sqrt,balanced_subsample,entropy
9,4,enriched_uf,random_forest,18,45,1202247,300562,3896,975,0,250000,248.72341069999675,0.5906476130770919,0.5538266322652632,0.03682098081182872,0.6850129486557401,0.6501662973050399,0.0348466513507002,0.5982559338838576,0.6001370896222094,0.5164321141981532,0.6116094524789277,0.5600055386925041,0.5886647267654911,0.41801358787870724,0.49505260145993174,250,16.0,100,150,sqrt,balanced_subsample,entropy
9,5,enriched_uf,random_forest,18,45,1202248,300561,3896,975,0,250000,255.3446855000002,0.5882088238804699,0.5341403186814646,0.0540685051990053,0.680592743595758,0.6452750885451359,0.03531765505062212,0.5894610411863149,0.5942456158825653,0.5000228380521099,0.6209936871449525,0.5539811749056577,0.5674975446201781,0.41056224859512713,0.5098898393337792,250,16.0,100,150,sqrt,balanced_subsample,entropy
10,1,enriched_uf,random_forest,18,45,1202247,300562,3899,972,0,250000,314.78610249999474,0.5928270110123651,0.526711817367036,0.06611519364532914,0.6856420451179663,0.6287471554579038,0.05689488966006251,0.565999693906748,0.5822600566266767,0.4863430817824437,0.6814129708045464,0.5675851278243343,0.4831071424488069,0.4180036065770124,0.5856628582455533,250,16.0,200,50,log2,balanced_subsample,gini
10,2,enriched_uf,random_forest,18,45,1202247,300562,3897,974,0,250000,322.648606499999,0.5902841983606513,0.5410548313171331,0.04922936704351821,0.6873613862313092,0.635199475571369,0.052161910659940136,0.5833105981461396,0.5940631402558543,0.505549429475501,0.6637501672003966,0.5739478903377024,0.5243761133113121,0.42285119210013244,0.5551733086684278,250,16.0,200,50,log2,balanced_subsample,gini
10,3,enriched_uf,random_forest,18,45,1202247,300562,3896,975,0,250000,659.3329623999962,0.5878339382441247,0.5482932019567852,0.03954073628733945,0.6843185844339488,0.6508495172359632,0.03346906719798559,0.6120035134181966,0.6029177003271217,0.5270397675460966,0.5517129798163654,0.5390942110609168,0.654122420837878,0.41127953633526526,0.43053346730458275,250,16.0,200,50,log2,balanced_subsample,gini
10,4,enriched_uf,random_forest,18,45,1202247,300562,3896,975,0,250000,293.0562315999996,0.5929661398864983,0.5545638746815651,0.03840226520493317,0.6869330814754857,0.6507476082364709,0.036185473239014776,0.599656643221698,0.6009536431266086,0.5179810810993818,0.6088634898399382,0.5597573557928012,0.593043796413279,0.41801358787870724,0.49135619273228154,250,16.0,200,50,log2,balanced_subsample,gini
10,5,enriched_uf,random_forest,18,45,1202248,300561,3896,975,0,250000,301.15120669999305,0.5911196781725793,0.5338179346992966,0.05730174347328265,0.6827066816321113,0.645571721909323,0.03713495972278835,0.5953001221049969,0.5991679691352525,0.5058171781733665,0.6207910923103105,0.5574374106320972,0.5775448459601946,0.41056224859512713,0.5038844028333682,250,16.0,200,50,log2,balanced_subsample,gini
