id_municipio,rede,meta_alfabetizacao_2025,meta_alfabetizacao_2026,meta_alfabetizacao_2027,meta_alfabetizacao_2028,meta_alfabetizacao_2029,meta_alfabetizacao_2030,taxa_observada_2023,taxa_observada_2024,participacao_2023,participacao_2024,possui_historico_2023,ganho_observado_2023_2024_pp,gap_atual_meta_2025_pp,ganho_anual_requerido_2025_pp,cenario_tendencia_bruto_2025,cenario_tendencia_2025,deficit_trajetoria_2025_pp,gap_cenario_limitado_2025_pp,flag_risco_nao_atingir_2025,gap_atual_meta_2026_pp,ganho_anual_requerido_2026_pp,cenario_tendencia_bruto_2026,cenario_tendencia_2026,deficit_trajetoria_2026_pp,gap_cenario_limitado_2026_pp,flag_risco_nao_atingir_2026,gap_atual_meta_2027_pp,ganho_anual_requerido_2027_pp,cenario_tendencia_bruto_2027,cenario_tendencia_2027,deficit_trajetoria_2027_pp,gap_cenario_limitado_2027_pp,flag_risco_nao_atingir_2027,gap_atual_meta_2028_pp,ganho_anual_requerido_2028_pp,cenario_tendencia_bruto_2028,cenario_tendencia_2028,deficit_trajetoria_2028_pp,gap_cenario_limitado_2028_pp,flag_risco_nao_atingir_2028,gap_atual_meta_2029_pp,ganho_anual_requerido_2029_pp,cenario_tendencia_bruto_2029,cenario_tendencia_2029,deficit_trajetoria_2029_pp,gap_cenario_limitado_2029_pp,flag_risco_nao_atingir_2029,gap_atual_meta_2030_pp,ganho_anual_requerido_2030_pp,cenario_tendencia_bruto_2030,cenario_tendencia_2030,deficit_trajetoria_2030_pp,gap_cenario_limitado_2030_pp,flag_risco_nao_atingir_2030,meta_2025_ja_atingida_em_2024,status_meta_2025,rank_risco_meta_2025,rank_gap_atual_2025,municipio,sigla_uf,regiao,cluster_id,cluster_nome
4301750,Municipal,14.05,23.65,37.0,52.68,67.85,80,,4.4,,92.59,False,,9.65,9.65,,,,,,19.25,9.625,,,,,,32.6,10.866666666666667,,,,,,48.28,12.07,,,,,,63.449999999999996,12.69,,,,,,75.6,12.6,,,,,,False,SEM_HISTORICO_2023,,1544,Barão do Triunfo,RS,Sul,1,Pequeno porte agropecuario com maior infraestrutura educacional
1503754,Municipal,33.52,43.28,53.59,63.6,72.55,80,,24.95,,81.3,False,,8.570000000000004,8.570000000000004,,,,,,18.330000000000002,9.165000000000001,,,,,,28.640000000000004,9.546666666666669,,,,,,38.650000000000006,9.662500000000001,,,,,,47.599999999999994,9.52,,,,,,55.05,9.174999999999999,,,,,,False,SEM_HISTORICO_2023,,1693,Jacareacanga,PA,Norte,0,Urbano-industrial de maior escala
2928307,Municipal,31.5,41.48,52.21,62.74,72.19,80,,22.95,,82.43,False,,8.55,8.55,,,,,,18.529999999999998,9.264999999999999,,,,,,29.26,9.753333333333334,,,,,,39.790000000000006,9.947500000000002,,,,,,49.239999999999995,9.847999999999999,,,,,,57.05,9.508333333333333,,,,,,False,SEM_HISTORICO_2023,,1698,Santanópolis,BA,Nordeste,2,"Rural, menor renda e maior presenca da administracao publica"
1200328,Municipal,28.13,38.39,49.79,61.22,71.53,80,,19.59,,93.88,False,,8.54,8.54,,,,,,18.8,9.4,,,,,,30.2,10.066666666666666,,,,,,41.629999999999995,10.407499999999999,,,,,,51.94,10.388,,,,,,60.41,10.068333333333333,,,,,,False,SEM_HISTORICO_2023,,1700,Jordão,AC,Norte,2,"Rural, menor renda e maior presenca da administracao publica"
1200138,Municipal,35.2,44.74,54.69,64.28,72.85,80,,26.69,,79.67,False,,8.510000000000002,8.510000000000002,,,,,,18.05,9.025,,,,,,27.999999999999996,9.333333333333332,,,,,,37.59,9.3975,,,,,,46.16,9.232,,,,,,53.31,8.885,,,,,,False,SEM_HISTORICO_2023,,1706,Bujari,AC,Norte,2,"Rural, menor renda e maior presenca da administracao publica"
1300839,Municipal,30.23,40.33,51.32,62.18,71.95,80,,21.72,,89.87,False,,8.510000000000002,8.510000000000002,,,,,,18.61,9.305,,,,,,29.6,9.866666666666667,,,,,,40.46,10.115,,,,,,50.230000000000004,10.046000000000001,,,,,,58.28,9.713333333333333,,,,,,False,SEM_HISTORICO_2023,,1706,Caapiranga,AM,Norte,2,"Rural, menor renda e maior presenca da administracao publica"
2408607,Municipal,36.07,45.49,55.26,64.63,73.0,80,,27.59,,89.74,False,,8.48,8.48,,,,,,17.900000000000002,8.950000000000001,,,,,,27.669999999999998,9.223333333333333,,,,,,37.03999999999999,9.259999999999998,,,,,,45.41,9.081999999999999,,,,,,52.41,8.735,,,,,,False,SEM_HISTORICO_2023,,1711,Paraná,RN,Nordeste,2,"Rural, menor renda e maior presenca da administracao publica"
1301506,Municipal,27.7,37.99,49.47,61.02,71.45,80,,19.3,,74.59,False,,8.399999999999999,8.399999999999999,,,,,,18.69,9.345,,,,,,30.169999999999998,10.056666666666667,,,,,,41.72,10.43,,,,,,52.150000000000006,10.430000000000001,,,,,,60.7,10.116666666666667,,,,,,False,SEM_HISTORICO_2023,,1718,Envira,AM,Norte,2,"Rural, menor renda e maior presenca da administracao publica"
2412559,Municipal,38.85,47.86,57.01,65.71,73.46,80,,30.54,,75.0,False,,8.310000000000002,8.310000000000002,,,,,,17.32,8.66,,,,,,26.47,8.823333333333332,,,,,,35.169999999999995,8.792499999999999,,,,,,42.919999999999995,8.584,,,,,,49.46,8.243333333333334,,,,,,False,SEM_HISTORICO_2023,,1726,São Miguel do Gostoso,RN,Nordeste,0,Urbano-industrial de maior escala
1507300,Municipal,39.2,48.15,57.23,65.84,73.52,80,,30.95,,75.37,False,,8.250000000000004,8.250000000000004,,,,,,17.2,8.6,,,,,,26.279999999999998,8.76,,,,,,34.89,8.7225,,,,,,42.56999999999999,8.514,,,,,,49.05,8.174999999999999,,,,,,False,SEM_HISTORICO_2023,,1734,São Félix do Xingu,PA,Norte,2,"Rural, menor renda e maior presenca da administracao publica"
2402600,Municipal,40.56,49.29,58.06,66.35,73.74,80,,32.38,,74.64,False,,8.18,8.18,,,,,,16.909999999999997,8.454999999999998,,,,,,25.68,8.56,,,,,,33.96999999999999,8.492499999999998,,,,,,41.35999999999999,8.271999999999998,,,,,,47.62,7.9366666666666665,,,,,,False,SEM_HISTORICO_2023,,1746,Ceará-Mirim,RN,Nordeste,2,"Rural, menor renda e maior presenca da administracao publica"
2910503,Municipal,40.71,49.41,58.15,66.4,73.77,80,,32.55,,88.85,False,,8.160000000000004,8.160000000000004,,,,,,16.86,8.43,,,,,,25.6,8.533333333333333,,,,,,33.85000000000001,8.462500000000002,,,,,,41.22,8.244,,,,,,47.45,7.908333333333334,,,,,,False,SEM_HISTORICO_2023,,1750,Entre Rios,BA,Nordeste,2,"Rural, menor renda e maior presenca da administracao publica"
2406155,Municipal,41.43,50.01,58.58,66.67,73.88,80,,33.33,,78.95,False,,8.100000000000001,8.100000000000001,,,,,,16.68,8.34,,,,,,25.25,8.416666666666666,,,,,,33.34,8.335,,,,,,40.55,8.11,,,,,,46.67,7.778333333333333,,,,,,False,SEM_HISTORICO_2023,,1756,Jundiá,RN,Nordeste,2,"Rural, menor renda e maior presenca da administracao publica"
4300307,Municipal,41.39,49.98,58.56,66.66,73.88,80,,33.3,,92.31,False,,8.090000000000003,8.090000000000003,,,,,,16.68,8.34,,,,,,25.260000000000005,8.420000000000002,,,,,,33.36,8.34,,,,,,40.58,8.116,,,,,,46.7,7.783333333333334,,,,,,False,SEM_HISTORICO_2023,,1760,Alecrim,RS,Sul,1,Pequeno porte agropecuario com maior infraestrutura educacional
1502400,Municipal,41.06,49.7,58.36,66.53,73.82,80,,32.97,,77.17,False,,8.090000000000003,8.090000000000003,,,,,,16.730000000000004,8.365000000000002,,,,,,25.39,8.463333333333333,,,,,,33.56,8.39,,,,,,40.849999999999994,8.169999999999998,,,,,,47.03,7.838333333333334,,,,,,False,SEM_HISTORICO_2023,,1760,Castanhal,PA,Norte,0,Urbano-industrial de maior escala
4304630,Municipal,42.44,50.84,59.19,67.04,74.04,80,,34.4,,75.7,False,,8.04,8.04,,,,,,16.440000000000005,8.220000000000002,,,,,,24.79,8.263333333333334,,,,,,32.64000000000001,8.160000000000002,,,,,,39.64000000000001,7.928000000000002,,,,,,45.6,7.6000000000000005,,,,,,False,SEM_HISTORICO_2023,,1771,Capão da Canoa,RS,Sul,0,Urbano-industrial de maior escala
1200385,Municipal,41.81,50.32,58.81,66.81,73.94,80,,33.78,,80.6,False,,8.030000000000001,8.030000000000001,,,,,,16.54,8.27,,,,,,25.03,8.343333333333334,,,,,,33.03,8.2575,,,,,,40.16,8.032,,,,,,46.22,7.703333333333333,,,,,,False,SEM_HISTORICO_2023,,1777,Plácido de Castro,AC,Norte,2,"Rural, menor renda e maior presenca da administracao publica"
1200435,Municipal,23.62,34.04,46.27,58.96,70.57,80,,15.62,,76.32,False,,8.000000000000002,8.000000000000002,,,,,,18.42,9.21,,,,,,30.650000000000006,10.216666666666669,,,,,,43.34,10.835,,,,,,54.949999999999996,10.989999999999998,,,,,,64.38,10.729999999999999,,,,,,False,SEM_HISTORICO_2023,,1782,Santa Rosa do Purus,AC,Norte,2,"Rural, menor renda e maior presenca da administracao publica"
1300607,Municipal,42.28,50.7,59.09,66.98,74.01,80,,34.3,,95.82,False,,7.980000000000004,7.980000000000004,,,,,,16.400000000000006,8.200000000000003,,,,,,24.790000000000006,8.263333333333335,,,,,,32.68000000000001,8.170000000000002,,,,,,39.71000000000001,7.942000000000002,,,,,,45.7,7.616666666666667,,,,,,False,SEM_HISTORICO_2023,,1785,Benjamin Constant,AM,Norte,2,"Rural, menor renda e maior presenca da administracao publica"
1200179,Municipal,42.9,51.21,59.46,67.2,74.11,80,,34.97,,76.65,False,,7.93,7.93,,,,,,16.240000000000002,8.120000000000001,,,,,,24.490000000000002,8.163333333333334,,,,,,32.230000000000004,8.057500000000001,,,,,,39.14,7.828,,,,,,45.03,7.505,,,,,,False,SEM_HISTORICO_2023,,1794,Capixaba,AC,Norte,2,"Rural, menor renda e maior presenca da administracao publica"
2408706,Municipal,22.17,32.58,45.04,58.16,70.22,80,,14.29,,70.0,False,,7.880000000000003,7.880000000000003,,,,,,18.29,9.145,,,,,,30.75,10.25,,,,,,43.87,10.9675,,,,,,55.93,11.186,,,,,,65.71000000000001,10.951666666666668,,,,,,False,SEM_HISTORICO_2023,,1805,Paraú,RN,Nordeste,1,Pequeno porte agropecuario com maior infraestrutura educacional
2407500,Municipal,42.99,51.29,59.51,67.24,74.13,80,,35.11,,83.76,False,,7.880000000000003,7.880000000000003,,,,,,16.18,8.09,,,,,,24.4,8.133333333333333,,,,,,32.129999999999995,8.032499999999999,,,,,,39.019999999999996,7.803999999999999,,,,,,44.89,7.4816666666666665,,,,,,False,SEM_HISTORICO_2023,,1805,Maxaranguape,RN,Nordeste,2,"Rural, menor renda e maior presenca da administracao publica"
4311130,Municipal,44.16,52.24,60.2,67.66,74.31,80,,36.4,,84.0,False,,7.759999999999998,7.759999999999998,,,,,,15.840000000000003,7.920000000000002,,,,,,23.800000000000004,7.9333333333333345,,,,,,31.259999999999998,7.8149999999999995,,,,,,37.910000000000004,7.582000000000001,,,,,,43.6,7.266666666666667,,,,,,False,SEM_HISTORICO_2023,,1822,Jari,RS,Sul,1,Pequeno porte agropecuario com maior infraestrutura educacional
4210704,Municipal,45.04,52.95,60.71,67.97,74.45,80,,37.3,,75.0,False,,7.740000000000002,7.740000000000002,,,,,,15.650000000000006,7.825000000000003,,,,,,23.410000000000004,7.803333333333335,,,,,,30.67,7.6675,,,,,,37.150000000000006,7.4300000000000015,,,,,,42.7,7.116666666666667,,,,,,False,SEM_HISTORICO_2023,,1826,Matos Costa,SC,Sul,1,Pequeno porte agropecuario com maior infraestrutura educacional
1304203,Municipal,44.5,52.51,60.4,67.78,74.36,80,,36.78,,89.67,False,,7.719999999999999,7.719999999999999,,,,,,15.729999999999997,7.864999999999998,,,,,,23.619999999999997,7.873333333333332,,,,,,31.0,7.75,,,,,,37.58,7.516,,,,,,43.22,7.203333333333333,,,,,,False,SEM_HISTORICO_2023,,1829,Tefé,AM,Norte,2,"Rural, menor renda e maior presenca da administracao publica"
4309126,Municipal,45.15,53.04,60.77,68.0,74.46,80,,37.5,,80.0,False,,7.649999999999999,7.649999999999999,,,,,,15.54,7.77,,,,,,23.270000000000003,7.756666666666668,,,,,,30.5,7.625,,,,,,36.959999999999994,7.391999999999999,,,,,,42.5,7.083333333333333,,,,,,False,SEM_HISTORICO_2023,,1841,Gramado dos Loureiros,RS,Sul,1,Pequeno porte agropecuario com maior infraestrutura educacional
2406205,Municipal,19.26,29.54,42.43,56.43,69.47,80,,11.65,,74.29,False,,7.610000000000001,7.610000000000001,,,,,,17.89,8.945,,,,,,30.78,10.26,,,,,,44.78,11.195,,,,,,57.82,11.564,,,,,,68.35,11.391666666666666,,,,,,False,SEM_HISTORICO_2023,,1846,Lagoa d'Anta,RN,Nordeste,2,"Rural, menor renda e maior presenca da administracao publica"
2912103,Municipal,45.54,53.35,61.0,68.14,74.52,80,,37.95,,97.08,False,,7.589999999999996,7.589999999999996,,,,,,15.399999999999999,7.699999999999999,,,,,,23.049999999999997,7.683333333333333,,,,,,30.189999999999998,7.547499999999999,,,,,,36.56999999999999,7.313999999999998,,,,,,42.05,7.008333333333333,,,,,,False,SEM_HISTORICO_2023,,1853,Ibicaraí,BA,Nordeste,2,"Rural, menor renda e maior presenca da administracao publica"
1200336,Municipal,45.65,53.44,61.06,68.18,74.54,80,,38.07,,82.69,False,,7.579999999999998,7.579999999999998,,,,,,15.369999999999997,7.684999999999999,,,,,,22.990000000000002,7.663333333333334,,,,,,30.110000000000007,7.527500000000002,,,,,,36.470000000000006,7.294000000000001,,,,,,41.93,6.988333333333333,,,,,,False,SEM_HISTORICO_2023,,1855,Mâncio Lima,AC,Norte,2,"Rural, menor renda e maior presenca da administracao publica"
1304005,Municipal,46.24,53.91,61.4,68.38,74.63,80,,38.73,,86.01,False,,7.510000000000005,7.510000000000005,,,,,,15.18,7.59,,,,,,22.67,7.5566666666666675,,,,,,29.65,7.4125,,,,,,35.9,7.18,,,,,,41.27,6.878333333333334,,,,,,False,SEM_HISTORICO_2023,,1864,Silves,AM,Norte,2,"Rural, menor renda e maior presenca da administracao publica"
1200427,Municipal,46.4,54.04,61.49,68.44,74.65,80,,38.92,,75.66,False,,7.479999999999997,7.479999999999997,,,,,,15.119999999999997,7.559999999999999,,,,,,22.57,7.523333333333333,,,,,,29.519999999999996,7.379999999999999,,,,,,35.730000000000004,7.146000000000001,,,,,,41.08,6.846666666666667,,,,,,False,SEM_HISTORICO_2023,,1870,Rodrigues Alves,AC,Norte,2,"Rural, menor renda e maior presenca da administracao publica"
4314407,Municipal,46.81,54.37,61.73,68.58,74.72,80,,39.4,,70.03,False,,7.410000000000004,7.410000000000004,,,,,,14.969999999999999,7.484999999999999,,,,,,22.33,7.4433333333333325,,,,,,29.18,7.295,,,,,,35.32,7.064,,,,,,40.6,6.766666666666667,,,,,,False,SEM_HISTORICO_2023,,1878,Pelotas,RS,Sul,0,Urbano-industrial de maior escala
1200807,Municipal,47.06,54.56,61.86,68.67,74.75,80,,39.69,,72.39,False,,7.3700000000000045,7.3700000000000045,,,,,,14.870000000000005,7.435000000000002,,,,,,22.17,7.390000000000001,,,,,,28.980000000000004,7.245000000000001,,,,,,35.06,7.0120000000000005,,,,,,40.31,6.718333333333334,,,,,,False,SEM_HISTORICO_2023,,1883,Porto Acre,AC,Norte,2,"Rural, menor renda e maior presenca da administracao publica"
1200393,Municipal,47.15,54.63,61.92,68.7,74.77,80,,39.79,,94.57,False,,7.359999999999999,7.359999999999999,,,,,,14.840000000000003,7.420000000000002,,,,,,22.130000000000003,7.376666666666668,,,,,,28.910000000000004,7.227500000000001,,,,,,34.98,6.9959999999999996,,,,,,40.21,6.701666666666667,,,,,,False,SEM_HISTORICO_2023,,1887,Porto Walter,AC,Norte,2,"Rural, menor renda e maior presenca da administracao publica"
1506609,Municipal,47.15,54.63,61.92,68.7,74.77,80,,39.79,,91.51,False,,7.359999999999999,7.359999999999999,,,,,,14.840000000000003,7.420000000000002,,,,,,22.130000000000003,7.376666666666668,,,,,,28.910000000000004,7.227500000000001,,,,,,34.98,6.9959999999999996,,,,,,40.21,6.701666666666667,,,,,,False,SEM_HISTORICO_2023,,1887,Santa Maria do Pará,PA,Norte,2,"Rural, menor renda e maior presenca da administracao publica"
4321832,Municipal,47.33,54.78,62.02,68.76,74.79,80,,40.0,,100.0,False,,7.329999999999998,7.329999999999998,,,,,,14.780000000000001,7.390000000000001,,,,,,22.020000000000003,7.340000000000001,,,,,,28.760000000000005,7.190000000000001,,,,,,34.790000000000006,6.958000000000001,,,,,,40.0,6.666666666666667,,,,,,False,SEM_HISTORICO_2023,,1895,Três Forquilhas,RS,Sul,1,Pequeno porte agropecuario com maior infraestrutura educacional
2414456,Municipal,18.14,28.32,41.34,55.7,69.16,80,,10.95,,80.43,False,,7.190000000000001,7.190000000000001,,,,,,17.37,8.685,,,,,,30.390000000000004,10.13,,,,,,44.75,11.1875,,,,,,58.209999999999994,11.642,,,,,,69.05,11.508333333333333,,,,,,False,SEM_HISTORICO_2023,,1922,Triunfo Potiguar,RN,Nordeste,2,"Rural, menor renda e maior presenca da administracao publica"
4311205,Municipal,49.24,56.29,63.09,69.42,75.08,80,,42.2,,72.39,False,,7.039999999999999,7.039999999999999,,,,,,14.089999999999996,7.044999999999998,,,,,,20.89,6.963333333333334,,,,,,27.22,6.805,,,,,,32.879999999999995,6.575999999999999,,,,,,37.8,6.3,,,,,,False,SEM_HISTORICO_2023,,1944,Júlio de Castilhos,RS,Sul,1,Pequeno porte agropecuario com maior infraestrutura educacional
1200203,Municipal,49.2,56.26,63.07,69.4,75.08,80,,42.18,,72.8,False,,7.020000000000003,7.020000000000003,,,,,,14.079999999999998,7.039999999999999,,,,,,20.89,6.963333333333334,,,,,,27.220000000000006,6.8050000000000015,,,,,,32.9,6.58,,,,,,37.82,6.303333333333334,,,,,,False,SEM_HISTORICO_2023,,1947,Cruzeiro do Sul,AC,Norte,2,"Rural, menor renda e maior presenca da administracao publica"
1200344,Municipal,49.47,56.47,63.22,69.49,75.12,80,,42.51,,85.14,False,,6.960000000000001,6.960000000000001,,,,,,13.96,6.98,,,,,,20.71,6.903333333333333,,,,,,26.979999999999997,6.744999999999999,,,,,,32.61000000000001,6.522000000000001,,,,,,37.49,6.248333333333334,,,,,,False,SEM_HISTORICO_2023,,1962,Manoel Urbano,AC,Norte,2,"Rural, menor renda e maior presenca da administracao publica"
2404507,Municipal,50.03,56.91,63.53,69.68,75.2,80,,43.15,,76.67,False,,6.880000000000003,6.880000000000003,,,,,,13.759999999999998,6.879999999999999,,,,,,20.380000000000003,6.793333333333334,,,,,,26.53000000000001,6.632500000000002,,,,,,32.050000000000004,6.410000000000001,,,,,,36.85,6.141666666666667,,,,,,False,SEM_HISTORICO_2023,,1977,Guamaré,RN,Nordeste,0,Urbano-industrial de maior escala
4211108,Municipal,50.04,56.92,63.54,69.69,75.2,80,,43.19,,73.17,False,,6.850000000000001,6.850000000000001,,,,,,13.730000000000004,6.865000000000002,,,,,,20.35,6.783333333333334,,,,,,26.5,6.625,,,,,,32.010000000000005,6.402000000000001,,,,,,36.81,6.135000000000001,,,,,,False,SEM_HISTORICO_2023,,1982,Monte Castelo,SC,Sul,1,Pequeno porte agropecuario com maior infraestrutura educacional
4110052,Municipal,50.31,57.13,63.69,69.78,75.24,80,,43.48,,92.0,False,,6.830000000000005,6.830000000000005,,,,,,13.650000000000006,6.825000000000003,,,,,,20.21,6.736666666666667,,,,,,26.300000000000004,6.575000000000001,,,,,,31.759999999999998,6.351999999999999,,,,,,36.52,6.086666666666667,,,,,,False,SEM_HISTORICO_2023,,1985,Iguatu,PR,Sul,1,Pequeno porte agropecuario com maior infraestrutura educacional
1200450,Municipal,50.47,57.26,63.78,69.83,75.27,80,,43.66,,76.67,False,,6.810000000000002,6.810000000000002,,,,,,13.600000000000001,6.800000000000001,,,,,,20.120000000000005,6.706666666666668,,,,,,26.17,6.5425,,,,,,31.61,6.322,,,,,,36.34,6.0566666666666675,,,,,,False,SEM_HISTORICO_2023,,1991,Senador Guiomard,AC,Norte,2,"Rural, menor renda e maior presenca da administracao publica"
4207205,Municipal,51.51,58.07,64.35,70.18,75.42,80,,44.91,,80.0,False,,6.600000000000001,6.600000000000001,,,,,,13.160000000000004,6.580000000000002,,,,,,19.439999999999998,6.4799999999999995,,,,,,25.27000000000001,6.317500000000003,,,,,,30.510000000000005,6.102000000000001,,,,,,35.09,5.848333333333334,,,,,,False,SEM_HISTORICO_2023,,2022,Imaruí,SC,Sul,1,Pequeno porte agropecuario com maior infraestrutura educacional
1200609,Municipal,51.74,58.25,64.48,70.26,75.45,80,,45.18,,85.99,False,,6.560000000000002,6.560000000000002,,,,,,13.07,6.535,,,,,,19.300000000000004,6.4333333333333345,,,,,,25.080000000000005,6.270000000000001,,,,,,30.270000000000003,6.054,,,,,,34.82,5.803333333333334,,,,,,False,SEM_HISTORICO_2023,,2026,Tarauacá,AC,Norte,2,"Rural, menor renda e maior presenca da administracao publica"
4306304,Municipal,52.02,58.46,64.63,70.35,75.5,80,,45.5,,100.0,False,,6.520000000000003,6.520000000000003,,,,,,12.96,6.48,,,,,,19.129999999999995,6.376666666666665,,,,,,24.849999999999994,6.212499999999999,,,,,,30.0,6.0,,,,,,34.5,5.75,,,,,,False,SEM_HISTORICO_2023,,2029,David Canabarro,RS,Sul,1,Pequeno porte agropecuario com maior infraestrutura educacional
1304401,Municipal,52.79,59.07,65.06,70.61,75.61,80,,46.46,,93.56,False,,6.329999999999998,6.329999999999998,,,,,,12.61,6.305,,,,,,18.6,6.2,,,,,,24.15,6.0375,,,,,,29.15,5.83,,,,,,33.54,5.59,,,,,,False,SEM_HISTORICO_2023,,2052,Urucurituba,AM,Norte,2,"Rural, menor renda e maior presenca da administracao publica"
1200104,Municipal,53.01,59.23,65.18,70.68,75.64,80,,46.68,,80.16,False,,6.329999999999998,6.329999999999998,,,,,,12.549999999999997,6.274999999999999,,,,,,18.500000000000007,6.166666666666669,,,,,,24.000000000000007,6.000000000000002,,,,,,28.96,5.792,,,,,,33.32,5.553333333333334,,,,,,False,SEM_HISTORICO_2023,,2052,Brasiléia,AC,Norte,2,"Rural, menor renda e maior presenca da administracao publica"
4113254,Municipal,52.96,59.2,65.15,70.67,75.63,80,,46.64,,85.32,False,,6.32,6.32,,,,,,12.560000000000002,6.280000000000001,,,,,,18.510000000000005,6.170000000000002,,,,,,24.03,6.0075,,,,,,28.989999999999995,5.797999999999999,,,,,,33.36,5.56,,,,,,False,SEM_HISTORICO_2023,,2054,Laranjal,PR,Sul,1,Pequeno porte agropecuario com maior infraestrutura educacional
2403509,Municipal,53.38,59.52,65.38,70.8,75.7,80,,47.13,,80.9,False,,6.25,6.25,,,,,,12.39,6.195,,,,,,18.249999999999993,6.083333333333331,,,,,,23.669999999999995,5.917499999999999,,,,,,28.57,5.714,,,,,,32.87,5.478333333333333,,,,,,False,SEM_HISTORICO_2023,,2060,Espírito Santo,RN,Nordeste,2,"Rural, menor renda e maior presenca da administracao publica"
3536802,Municipal,53.43,59.56,65.41,70.82,75.7,80,,47.19,,83.67,False,,6.240000000000002,6.240000000000002,,,,,,12.370000000000005,6.185000000000002,,,,,,18.22,6.073333333333333,,,,,,23.629999999999995,5.907499999999999,,,,,,28.510000000000005,5.702000000000001,,,,,,32.81,5.468333333333334,,,,,,False,SEM_HISTORICO_2023,,2061,Pedra Bela,SP,Sudeste,2,"Rural, menor renda e maior presenca da administracao publica"
1501253,Municipal,53.57,59.67,65.48,70.87,75.72,80,,47.37,,89.83,False,,6.200000000000003,6.200000000000003,,,,,,12.300000000000004,6.150000000000002,,,,,,18.110000000000007,6.036666666666669,,,,,,23.500000000000007,5.875000000000002,,,,,,28.35,5.67,,,,,,32.63,5.4383333333333335,,,,,,False,SEM_HISTORICO_2023,,2063,Bannach,PA,Norte,2,"Rural, menor renda e maior presenca da administracao publica"
2406809,Municipal,53.62,59.71,65.51,70.89,75.73,80,,47.42,,84.21,False,,6.199999999999996,6.199999999999996,,,,,,12.29,6.145,,,,,,18.090000000000003,6.030000000000001,,,,,,23.47,5.8675,,,,,,28.310000000000002,5.662000000000001,,,,,,32.58,5.43,,,,,,False,SEM_HISTORICO_2023,,2065,Lajes Pintadas,RN,Nordeste,2,"Rural, menor renda e maior presenca da administracao publica"
1200054,Municipal,55.08,60.83,66.3,71.37,75.95,80,,49.17,,83.06,False,,5.909999999999997,5.909999999999997,,,,,,11.659999999999997,5.829999999999998,,,,,,17.129999999999995,5.709999999999998,,,,,,22.200000000000003,5.550000000000001,,,,,,26.78,5.356,,,,,,30.83,5.138333333333333,,,,,,False,SEM_HISTORICO_2023,,2117,Assis Brasil,AC,Norte,2,"Rural, menor renda e maior presenca da administracao publica"
4309407,Municipal,55.09,60.84,66.31,71.37,75.95,80,,49.2,,91.0,False,,5.890000000000001,5.890000000000001,,,,,,11.64,5.82,,,,,,17.11,5.703333333333333,,,,,,22.17,5.5425,,,,,,26.75,5.35,,,,,,30.799999999999997,5.133333333333333,,,,,,False,SEM_HISTORICO_2023,,2121,Guaporé,RS,Sul,0,Urbano-industrial de maior escala
4202073,Municipal,55.1,60.85,66.31,71.37,75.95,80,,49.21,,70.32,False,,5.890000000000001,5.890000000000001,,,,,,11.64,5.82,,,,,,17.1,5.7,,,,,,22.160000000000004,5.540000000000001,,,,,,26.740000000000002,5.348000000000001,,,,,,30.79,5.131666666666667,,,,,,False,SEM_HISTORICO_2023,,2121,Balneário Gaivota,SC,Sul,1,Pequeno porte agropecuario com maior infraestrutura educacional
3528403,Municipal,55.2,60.93,66.37,71.41,75.97,80,,49.33,,83.07,False,,5.8700000000000045,5.8700000000000045,,,,,,11.600000000000001,5.800000000000001,,,,,,17.040000000000006,5.680000000000002,,,,,,22.08,5.52,,,,,,26.64,5.328,,,,,,30.67,5.111666666666667,,,,,,False,SEM_HISTORICO_2023,,2128,Mairinque,SP,Sudeste,0,Urbano-industrial de maior escala
2406007,Municipal,55.7,61.31,66.64,71.57,76.04,80,,49.94,,87.5,False,,5.760000000000005,5.760000000000005,,,,,,11.370000000000005,5.685000000000002,,,,,,16.700000000000003,5.566666666666667,,,,,,21.629999999999995,5.407499999999999,,,,,,26.10000000000001,5.2200000000000015,,,,,,30.060000000000002,5.010000000000001,,,,,,False,SEM_HISTORICO_2023,,2139,José da Penha,RN,Nordeste,2,"Rural, menor renda e maior presenca da administracao publica"
4307831,Municipal,55.76,61.36,66.67,71.59,76.05,80,,50.0,,100.0,False,,5.759999999999998,5.759999999999998,,,,,,11.36,5.68,,,,,,16.67,5.5566666666666675,,,,,,21.590000000000003,5.397500000000001,,,,,,26.049999999999997,5.209999999999999,,,,,,30.0,5.0,,,,,,False,SEM_HISTORICO_2023,,2141,Eugênio de Castro,RS,Sul,1,Pequeno porte agropecuario com maior infraestrutura educacional
4320305,Municipal,55.76,61.36,66.67,71.59,76.05,80,,50.0,,92.31,False,,5.759999999999998,5.759999999999998,,,,,,11.36,5.68,,,,,,16.67,5.5566666666666675,,,,,,21.590000000000003,5.397500000000001,,,,,,26.049999999999997,5.209999999999999,,,,,,30.0,5.0,,,,,,False,SEM_HISTORICO_2023,,2141,Selbach,RS,Sul,1,Pequeno porte agropecuario com maior infraestrutura educacional
1703800,Municipal,56.06,61.59,66.84,71.69,76.09,80,,50.39,,90.4,False,,5.670000000000002,5.670000000000002,,,,,,11.200000000000003,5.600000000000001,,,,,,16.450000000000003,5.483333333333334,,,,,,21.299999999999997,5.324999999999999,,,,,,25.700000000000003,5.140000000000001,,,,,,29.61,4.935,,,,,,False,SEM_HISTORICO_2023,,2151,Buriti do Tocantins,TO,Norte,2,"Rural, menor renda e maior presenca da administracao publica"
4306932,Municipal,56.56,61.97,67.1,71.86,76.17,80,,51.0,,86.21,False,,5.560000000000002,5.560000000000002,,,,,,10.969999999999999,5.484999999999999,,,,,,16.099999999999994,5.3666666666666645,,,,,,20.86,5.215,,,,,,25.17,5.034000000000001,,,,,,29.0,4.833333333333333,,,,,,False,SEM_HISTORICO_2023,,2166,Entre-Ijuís,RS,Sul,1,Pequeno porte agropecuario com maior infraestrutura educacional
2109502,Municipal,57.28,62.53,67.49,72.09,76.27,80,,51.85,,91.59,False,,5.43,5.43,,,,,,10.68,5.34,,,,,,15.639999999999993,5.213333333333331,,,,,,20.240000000000002,5.0600000000000005,,,,,,24.419999999999995,4.883999999999999,,,,,,28.15,4.691666666666666,,,,,,False,SEM_HISTORICO_2023,,2187,Riachão,MA,Nordeste,2,"Rural, menor renda e maior presenca da administracao publica"
1200708,Municipal,57.32,62.56,67.51,72.11,76.28,80,,51.91,,88.33,False,,5.410000000000004,5.410000000000004,,,,,,10.650000000000006,5.325000000000003,,,,,,15.600000000000009,5.200000000000003,,,,,,20.200000000000003,5.050000000000001,,,,,,24.370000000000005,4.8740000000000006,,,,,,28.090000000000003,4.6816666666666675,,,,,,False,SEM_HISTORICO_2023,,2188,Xapuri,AC,Norte,2,"Rural, menor renda e maior presenca da administracao publica"
1200252,Municipal,57.62,62.78,67.67,72.2,76.32,80,,52.28,,87.2,False,,5.339999999999996,5.339999999999996,,,,,,10.5,5.25,,,,,,15.39,5.13,,,,,,19.92,4.98,,,,,,24.039999999999992,4.807999999999998,,,,,,27.72,4.62,,,,,,False,SEM_HISTORICO_2023,,2197,Epitaciolândia,AC,Norte,2,"Rural, menor renda e maior presenca da administracao publica"
5108105,Municipal,57.7,62.85,67.72,72.23,76.34,80,,52.38,,80.77,False,,5.32,5.32,,,,,,10.469999999999999,5.234999999999999,,,,,,15.339999999999996,5.113333333333332,,,,,,19.85,4.9625,,,,,,23.96,4.792,,,,,,27.619999999999997,4.603333333333333,,,,,,False,SEM_HISTORICO_2023,,2200,Tesouro,MT,Centro-Oeste,1,Pequeno porte agropecuario com maior infraestrutura educacional
1200302,Municipal,58.48,63.44,68.13,72.49,76.45,80,,53.33,,83.17,False,,5.149999999999999,5.149999999999999,,,,,,10.11,5.055,,,,,,14.799999999999997,4.933333333333333,,,,,,19.159999999999997,4.789999999999999,,,,,,23.120000000000005,4.6240000000000006,,,,,,26.67,4.445,,,,,,False,SEM_HISTORICO_2023,,2225,Feijó,AC,Norte,2,"Rural, menor renda e maior presenca da administracao publica"
1200401,Municipal,60.34,64.86,69.13,73.1,76.73,80,,55.64,,81.03,False,,4.700000000000003,4.700000000000003,,,,,,9.219999999999999,4.609999999999999,,,,,,13.489999999999995,4.496666666666665,,,,,,17.459999999999994,4.364999999999998,,,,,,21.090000000000003,4.218000000000001,,,,,,24.36,4.06,,,,,,False,SEM_HISTORICO_2023,,2292,Rio Branco,AC,Norte,0,Urbano-industrial de maior escala
1505650,Municipal,60.41,64.92,69.17,73.12,76.74,80,,55.72,,73.96,False,,4.689999999999998,4.689999999999998,,,,,,9.200000000000003,4.600000000000001,,,,,,13.450000000000003,4.483333333333334,,,,,,17.400000000000006,4.350000000000001,,,,,,21.019999999999996,4.203999999999999,,,,,,24.28,4.046666666666667,,,,,,False,SEM_HISTORICO_2023,,2296,Placas,PA,Norte,2,"Rural, menor renda e maior presenca da administracao publica"
4201109,Municipal,61.39,65.66,69.7,73.44,76.88,80,,56.94,,86.67,False,,4.450000000000003,4.450000000000003,,,,,,8.719999999999999,4.359999999999999,,,,,,12.760000000000005,4.253333333333335,,,,,,16.5,4.125,,,,,,19.939999999999998,3.9879999999999995,,,,,,23.060000000000002,3.8433333333333337,,,,,,False,SEM_HISTORICO_2023,,2339,Anitápolis,SC,Sul,1,Pequeno porte agropecuario com maior infraestrutura educacional
2512077,Municipal,61.89,66.05,69.96,73.61,76.96,80,,57.57,,87.23,False,,4.32,4.32,,,,,,8.479999999999997,4.239999999999998,,,,,,12.389999999999993,4.129999999999998,,,,,,16.04,4.01,,,,,,19.389999999999993,3.877999999999999,,,,,,22.43,3.7383333333333333,,,,,,False,SEM_HISTORICO_2023,,2356,Poço de José de Moura,PB,Nordeste,2,"Rural, menor renda e maior presenca da administracao publica"
3106101,Municipal,61.99,66.12,70.01,73.64,76.97,80,,57.69,,96.67,False,,4.300000000000004,4.300000000000004,,,,,,8.430000000000007,4.215000000000003,,,,,,12.320000000000007,4.106666666666669,,,,,,15.950000000000003,3.9875000000000007,,,,,,19.28,3.8560000000000003,,,,,,22.310000000000002,3.7183333333333337,,,,,,False,SEM_HISTORICO_2023,,2360,Belmiro Braga,MG,Sudeste,1,Pequeno porte agropecuario com maior infraestrutura educacional
3507209,Municipal,62.52,66.52,70.3,73.81,77.05,80,,58.33,,100.0,False,,4.190000000000005,4.190000000000005,,,,,,8.189999999999998,4.094999999999999,,,,,,11.969999999999999,3.9899999999999998,,,,,,15.480000000000004,3.870000000000001,,,,,,18.72,3.7439999999999998,,,,,,21.67,3.611666666666667,,,,,,False,SEM_HISTORICO_2023,,2372,Borá,SP,Sudeste,1,Pequeno porte agropecuario com maior infraestrutura educacional
1200013,Municipal,63.6,67.34,70.88,74.17,77.22,80,,59.69,,76.92,False,,3.9100000000000037,3.9100000000000037,,,,,,7.650000000000006,3.825000000000003,,,,,,11.189999999999998,3.729999999999999,,,,,,14.480000000000004,3.620000000000001,,,,,,17.53,3.5060000000000002,,,,,,20.310000000000002,3.3850000000000002,,,,,,False,SEM_HISTORICO_2023,,2415,Acrelândia,AC,Norte,2,"Rural, menor renda e maior presenca da administracao publica"
4212254,Municipal,63.74,67.45,70.95,74.22,77.24,80,,59.86,,70.35,False,,3.8800000000000026,3.8800000000000026,,,,,,7.590000000000003,3.7950000000000017,,,,,,11.090000000000003,3.6966666666666677,,,,,,14.36,3.59,,,,,,17.379999999999995,3.475999999999999,,,,,,20.14,3.356666666666667,,,,,,False,SEM_HISTORICO_2023,,2423,Passo de Torres,SC,Sul,1,Pequeno porte agropecuario com maior infraestrutura educacional
4310751,Municipal,63.85,67.53,71.01,74.26,77.26,80,,60.0,,93.75,False,,3.8500000000000014,3.8500000000000014,,,,,,7.530000000000001,3.7650000000000006,,,,,,11.010000000000005,3.6700000000000017,,,,,,14.260000000000005,3.5650000000000013,,,,,,17.260000000000005,3.452000000000001,,,,,,20.0,3.3333333333333335,,,,,,False,SEM_HISTORICO_2023,,2427,Ivorá,RS,Sul,1,Pequeno porte agropecuario com maior infraestrutura educacional
4311429,Municipal,63.85,67.53,71.01,74.26,77.26,80,,60.0,,90.91,False,,3.8500000000000014,3.8500000000000014,,,,,,7.530000000000001,3.7650000000000006,,,,,,11.010000000000005,3.6700000000000017,,,,,,14.260000000000005,3.5650000000000013,,,,,,17.260000000000005,3.452000000000001,,,,,,20.0,3.3333333333333335,,,,,,False,SEM_HISTORICO_2023,,2427,Lajeado do Bugre,RS,Sul,1,Pequeno porte agropecuario com maior infraestrutura educacional
3547304,Municipal,64.41,67.95,71.31,74.44,77.34,80,,60.69,,88.7,False,,3.719999999999999,3.719999999999999,,,,,,7.260000000000005,3.6300000000000026,,,,,,10.620000000000005,3.5400000000000014,,,,,,13.75,3.4375,,,,,,16.650000000000006,3.330000000000001,,,,,,19.310000000000002,3.2183333333333337,,,,,,False,SEM_HISTORICO_2023,,2456,Santana de Parnaíba,SP,Sudeste,0,Urbano-industrial de maior escala
2904506,Municipal,64.62,68.12,71.42,74.51,77.37,80,,60.98,,100.0,False,,3.6400000000000077,3.6400000000000077,,,,,,7.140000000000008,3.570000000000004,,,,,,10.440000000000005,3.4800000000000018,,,,,,13.530000000000008,3.382500000000002,,,,,,16.390000000000008,3.2780000000000014,,,,,,19.020000000000003,3.1700000000000004,,,,,,False,SEM_HISTORICO_2023,,2472,Brotas de Macaúbas,BA,Nordeste,2,"Rural, menor renda e maior presenca da administracao publica"
3143708,Municipal,65.33,68.65,71.8,74.75,77.48,80,,61.85,,97.14,False,,3.479999999999997,3.479999999999997,,,,,,6.800000000000004,3.400000000000002,,,,,,9.949999999999996,3.316666666666665,,,,,,12.899999999999999,3.2249999999999996,,,,,,15.630000000000003,3.1260000000000003,,,,,,18.15,3.025,,,,,,False,SEM_HISTORICO_2023,,2495,Morro do Pilar,MG,Sudeste,2,"Rural, menor renda e maior presenca da administracao publica"
3126307,Municipal,66.05,69.2,72.19,74.99,77.59,80,,62.75,,72.92,False,,3.299999999999997,3.299999999999997,,,,,,6.450000000000003,3.2250000000000014,,,,,,9.439999999999998,3.146666666666666,,,,,,12.239999999999995,3.0599999999999987,,,,,,14.840000000000003,2.968000000000001,,,,,,17.25,2.875,,,,,,False,SEM_HISTORICO_2023,,2518,Fortaleza de Minas,MG,Sudeste,1,Pequeno porte agropecuario com maior infraestrutura educacional
1200351,Municipal,66.11,69.25,72.22,75.01,77.6,80,,62.82,,83.95,False,,3.289999999999999,3.289999999999999,,,,,,6.43,3.215,,,,,,9.399999999999999,3.133333333333333,,,,,,12.190000000000005,3.047500000000001,,,,,,14.779999999999994,2.9559999999999986,,,,,,17.18,2.8633333333333333,,,,,,False,SEM_HISTORICO_2023,,2521,Marechal Thaumaturgo,AC,Norte,2,"Rural, menor renda e maior presenca da administracao publica"
4301404,Municipal,66.42,69.49,72.39,75.11,77.65,80,,63.2,,95.65,False,,3.219999999999999,3.219999999999999,,,,,,6.289999999999992,3.144999999999996,,,,,,9.189999999999998,3.0633333333333326,,,,,,11.909999999999997,2.977499999999999,,,,,,14.450000000000003,2.8900000000000006,,,,,,16.799999999999997,2.7999999999999994,,,,,,False,SEM_HISTORICO_2023,,2530,Arvorezinha,RS,Sul,1,Pequeno porte agropecuario com maior infraestrutura educacional
1301803,Municipal,66.47,69.53,72.42,75.13,77.66,80,,63.28,,80.86,False,,3.1899999999999977,3.1899999999999977,,,,,,6.25,3.125,,,,,,9.14,3.046666666666667,,,,,,11.849999999999994,2.9624999999999986,,,,,,14.379999999999995,2.875999999999999,,,,,,16.72,2.7866666666666666,,,,,,False,SEM_HISTORICO_2023,,2532,Ipixuna,AM,Norte,2,"Rural, menor renda e maior presenca da administracao publica"
1200500,Municipal,67.71,70.47,73.08,75.55,77.85,80,,64.83,,86.6,False,,2.8799999999999955,2.8799999999999955,,,,,,5.640000000000001,2.8200000000000003,,,,,,8.25,2.75,,,,,,10.719999999999999,2.6799999999999997,,,,,,13.019999999999996,2.603999999999999,,,,,,15.170000000000002,2.5283333333333338,,,,,,False,SEM_HISTORICO_2023,,2580,Sena Madureira,AC,Norte,2,"Rural, menor renda e maior presenca da administracao publica"
4204350,Municipal,68.14,70.79,73.31,75.69,77.92,80,,65.36,,93.07,False,,2.780000000000001,2.780000000000001,,,,,,5.430000000000007,2.7150000000000034,,,,,,7.950000000000003,2.650000000000001,,,,,,10.329999999999998,2.5824999999999996,,,,,,12.560000000000002,2.5120000000000005,,,,,,14.64,2.44,,,,,,False,SEM_HISTORICO_2023,,2588,Cordilheira Alta,SC,Sul,1,Pequeno porte agropecuario com maior infraestrutura educacional
4309258,Municipal,69.21,71.61,73.89,76.06,78.09,80,,66.7,,100.0,False,,2.509999999999991,2.509999999999991,,,,,,4.909999999999997,2.4549999999999983,,,,,,7.189999999999998,2.396666666666666,,,,,,9.36,2.34,,,,,,11.39,2.278,,,,,,13.299999999999997,2.2166666666666663,,,,,,False,SEM_HISTORICO_2023,,2636,Guabiju,RS,Sul,1,Pequeno porte agropecuario com maior infraestrutura educacional
4212700,Municipal,69.32,71.69,73.95,76.09,78.11,80,,66.84,,88.37,False,,2.4799999999999898,2.4799999999999898,,,,,,4.849999999999994,2.424999999999997,,,,,,7.109999999999999,2.3699999999999997,,,,,,9.25,2.3125,,,,,,11.269999999999996,2.253999999999999,,,,,,13.159999999999997,2.193333333333333,,,,,,False,SEM_HISTORICO_2023,,2638,Petrolândia,SC,Sul,1,Pequeno porte agropecuario com maior infraestrutura educacional
4128625,Municipal,70.28,72.43,74.48,76.42,78.26,80,,68.04,,84.62,False,,2.239999999999995,2.239999999999995,,,,,,4.390000000000001,2.1950000000000003,,,,,,6.439999999999998,2.146666666666666,,,,,,8.379999999999995,2.094999999999999,,,,,,10.219999999999999,2.0439999999999996,,,,,,11.959999999999994,1.9933333333333323,,,,,,False,SEM_HISTORICO_2023,,2677,Alto Paraíso,PR,Sul,1,Pequeno porte agropecuario com maior infraestrutura educacional
3100906,Municipal,71.23,73.16,75.0,76.75,78.42,80,,69.23,,92.86,False,,2.0,2.0,,,,,,3.9299999999999926,1.9649999999999963,,,,,,5.769999999999996,1.923333333333332,,,,,,7.519999999999996,1.879999999999999,,,,,,9.189999999999998,1.8379999999999996,,,,,,10.769999999999996,1.7949999999999993,,,,,,False,SEM_HISTORICO_2023,,2723,Águas Formosas,MG,Sudeste,2,"Rural, menor renda e maior presenca da administracao publica"
4205191,Municipal,71.82,73.61,75.32,76.96,78.52,80,,69.96,,83.05,False,,1.8599999999999994,1.8599999999999994,,,,,,3.6500000000000057,1.8250000000000028,,,,,,5.359999999999999,1.7866666666666664,,,,,,7.0,1.75,,,,,,8.560000000000002,1.7120000000000004,,,,,,10.040000000000006,1.6733333333333344,,,,,,False,SEM_HISTORICO_2023,,2748,Ermo,SC,Sul,1,Pequeno porte agropecuario com maior infraestrutura educacional
4217808,Municipal,72.11,73.83,75.48,77.06,78.57,80,,70.32,,83.8,False,,1.7900000000000063,1.7900000000000063,,,,,,3.510000000000005,1.7550000000000026,,,,,,5.160000000000011,1.7200000000000035,,,,,,6.740000000000009,1.6850000000000023,,,,,,8.25,1.65,,,,,,9.680000000000007,1.6133333333333344,,,,,,False,SEM_HISTORICO_2023,,2758,Taió,SC,Sul,0,Urbano-industrial de maior escala
3157252,Municipal,72.21,73.91,75.54,77.1,78.58,80,,70.45,,87.16,False,,1.759999999999991,1.759999999999991,,,,,,3.4599999999999937,1.7299999999999969,,,,,,5.090000000000003,1.6966666666666679,,,,,,6.6499999999999915,1.6624999999999979,,,,,,8.129999999999995,1.625999999999999,,,,,,9.549999999999997,1.5916666666666661,,,,,,False,SEM_HISTORICO_2023,,2766,Santa Bárbara do Leste,MG,Sudeste,2,"Rural, menor renda e maior presenca da administracao publica"
4309951,Municipal,72.34,74.01,75.61,77.14,78.61,80,,70.6,,85.0,False,,1.740000000000009,1.740000000000009,,,,,,3.410000000000011,1.7050000000000054,,,,,,5.010000000000005,1.6700000000000017,,,,,,6.540000000000006,1.6350000000000016,,,,,,8.010000000000005,1.602000000000001,,,,,,9.400000000000006,1.5666666666666675,,,,,,False,SEM_HISTORICO_2023,,2767,Ibirapuitã,RS,Sul,1,Pequeno porte agropecuario com maior infraestrutura educacional
4218756,Municipal,74.79,75.9,76.98,78.02,79.03,80,,73.65,,90.48,False,,1.1400000000000006,1.1400000000000006,,,,,,2.25,1.125,,,,,,3.3299999999999983,1.1099999999999994,,,,,,4.36999999999999,1.0924999999999976,,,,,,5.3799999999999955,1.0759999999999992,,,,,,6.349999999999994,1.0583333333333325,,,,,,False,SEM_HISTORICO_2023,,2859,Tunápolis,SC,Sul,1,Pequeno porte agropecuario com maior infraestrutura educacional
3128204,Municipal,75.89,76.76,77.6,78.42,79.22,80,,75.0,,80.0,False,,0.8900000000000006,0.8900000000000006,,,,,,1.7600000000000051,0.8800000000000026,,,,,,2.5999999999999943,0.8666666666666648,,,,,,3.4200000000000017,0.8550000000000004,,,,,,4.219999999999999,0.8439999999999998,,,,,,5.0,0.8333333333333334,,,,,,False,SEM_HISTORICO_2023,,2890,Guaraciaba,MG,Sudeste,1,Pequeno porte agropecuario com maior infraestrutura educacional
4305116,Municipal,75.89,76.76,77.6,78.42,79.22,80,,75.0,,100.0,False,,0.8900000000000006,0.8900000000000006,,,,,,1.7600000000000051,0.8800000000000026,,,,,,2.5999999999999943,0.8666666666666648,,,,,,3.4200000000000017,0.8550000000000004,,,,,,4.219999999999999,0.8439999999999998,,,,,,5.0,0.8333333333333334,,,,,,False,SEM_HISTORICO_2023,,2890,Centenário,RS,Sul,1,Pequeno porte agropecuario com maior infraestrutura educacional
3305703,Municipal,76.25,77.04,77.81,78.56,79.29,80,,75.43,,87.01,False,,0.8199999999999932,0.8199999999999932,,,,,,1.6099999999999994,0.8049999999999997,,,,,,2.3799999999999955,0.7933333333333318,,,,,,3.1299999999999955,0.7824999999999989,,,,,,3.8599999999999994,0.7719999999999999,,,,,,4.569999999999993,0.7616666666666655,,,,,,False,SEM_HISTORICO_2023,,2903,Sumidouro,RJ,Sudeste,2,"Rural, menor renda e maior presenca da administracao publica"
4210555,Municipal,76.69,77.38,78.06,78.72,79.37,80,,75.96,,86.96,False,,0.730000000000004,0.730000000000004,,,,,,1.4200000000000017,0.7100000000000009,,,,,,2.1000000000000085,0.7000000000000028,,,,,,2.760000000000005,0.6900000000000013,,,,,,3.410000000000011,0.6820000000000022,,,,,,4.040000000000006,0.6733333333333343,,,,,,False,SEM_HISTORICO_2023,,2916,Marema,SC,Sul,1,Pequeno porte agropecuario com maior infraestrutura educacional
4216404,Municipal,77.27,77.84,78.39,78.94,79.47,80,,76.69,,79.31,False,,0.5799999999999983,0.5799999999999983,,,,,,1.1500000000000057,0.5750000000000028,,,,,,1.7000000000000028,0.5666666666666677,,,,,,2.25,0.5625,,,,,,2.780000000000001,0.5560000000000003,,,,,,3.3100000000000023,0.5516666666666671,,,,,,False,SEM_HISTORICO_2023,,2934,São João do Sul,SC,Sul,1,Pequeno porte agropecuario com maior infraestrutura educacional
3133907,Municipal,77.49,78.01,78.52,79.02,79.52,80,,76.97,,89.47,False,,0.519999999999996,0.519999999999996,,,,,,1.0400000000000063,0.5200000000000031,,,,,,1.5499999999999972,0.5166666666666657,,,,,,2.049999999999997,0.5124999999999993,,,,,,2.549999999999997,0.5099999999999995,,,,,,3.030000000000001,0.5050000000000002,,,,,,False,SEM_HISTORICO_2023,,2943,Itaverava,MG,Sudeste,1,Pequeno porte agropecuario com maior infraestrutura educacional
3171105,Municipal,77.6,78.1,78.59,79.07,79.54,80,,77.09,,89.47,False,,0.5099999999999909,0.5099999999999909,,,,,,1.009999999999991,0.5049999999999955,,,,,,1.5,0.5,,,,,,1.9799999999999898,0.49499999999999744,,,,,,2.450000000000003,0.49000000000000055,,,,,,2.9099999999999966,0.48499999999999943,,,,,,False,SEM_HISTORICO_2023,,2946,Veríssimo,MG,Sudeste,1,Pequeno porte agropecuario com maior infraestrutura educacional
3112505,Municipal,78.27,78.63,78.98,79.32,79.66,80,,77.92,,89.43,False,,0.3499999999999943,0.3499999999999943,,,,,,0.7099999999999937,0.3549999999999969,,,,,,1.0600000000000023,0.3533333333333341,,,,,,1.3999999999999915,0.34999999999999787,,,,,,1.7399999999999949,0.347999999999999,,,,,,2.0799999999999983,0.3466666666666664,,,,,,False,SEM_HISTORICO_2023,,2963,Capim Branco,MG,Sudeste,2,"Rural, menor renda e maior presenca da administracao publica"
4205159,Municipal,79.25,79.4,79.55,79.7,79.85,80,,79.1,,95.0,False,,0.15000000000000568,0.15000000000000568,,,,,,0.30000000000001137,0.15000000000000568,,,,,,0.45000000000000284,0.15000000000000094,,,,,,0.6000000000000085,0.15000000000000213,,,,,,0.75,0.15,,,,,,0.9000000000000057,0.15000000000000094,,,,,,False,SEM_HISTORICO_2023,,2997,Doutor Pedrinho,SC,Sul,0,Urbano-industrial de maior escala
3510153,Municipal,79.58,79.66,79.75,79.83,79.92,80,,79.49,,92.55,False,,0.09000000000000341,0.09000000000000341,,,,,,0.1700000000000017,0.08500000000000085,,,,,,0.2600000000000051,0.08666666666666838,,,,,,0.3400000000000034,0.08500000000000085,,,,,,0.4300000000000068,0.08600000000000137,,,,,,0.5100000000000051,0.08500000000000085,,,,,,False,SEM_HISTORICO_2023,,3006,Canitar,SP,Sudeste,0,Urbano-industrial de maior escala
4306759,Municipal,80.0,80.0,80.0,80.0,80.0,80,,80.0,,100.0,False,,0.0,0.0,,,,,,0.0,0.0,,,,,,0.0,0.0,,,,,,0.0,0.0,,,,,,0.0,0.0,,,,,,0.0,0.0,,,,,,True,SEM_HISTORICO_2023,,,Doutor Ricardo,RS,Sul,1,Pequeno porte agropecuario com maior infraestrutura educacional
4216008,Municipal,80.0,80.0,80.0,80.0,80.0,80,,80.35,,90.0,False,,-0.3499999999999943,0.0,,,,,,-0.3499999999999943,0.0,,,,,,-0.3499999999999943,0.0,,,,,,-0.3499999999999943,0.0,,,,,,-0.3499999999999943,0.0,,,,,,-0.3499999999999943,0.0,,,,,,True,SEM_HISTORICO_2023,,,São Carlos,SC,Sul,1,Pequeno porte agropecuario com maior infraestrutura educacional
3306156,Municipal,80.0,80.0,80.0,80.0,80.0,80,,82.96,,81.08,False,,-2.9599999999999937,0.0,,,,,,-2.9599999999999937,0.0,,,,,,-2.9599999999999937,0.0,,,,,,-2.9599999999999937,0.0,,,,,,-2.9599999999999937,0.0,,,,,,-2.9599999999999937,0.0,,,,,,True,SEM_HISTORICO_2023,,,Varre-Sai,RJ,Sudeste,2,"Rural, menor renda e maior presenca da administracao publica"
5213400,Municipal,80.0,80.0,80.0,80.0,80.0,80,,84.62,,100.0,False,,-4.6200000000000045,0.0,,,,,,-4.6200000000000045,0.0,,,,,,-4.6200000000000045,0.0,,,,,,-4.6200000000000045,0.0,,,,,,-4.6200000000000045,0.0,,,,,,-4.6200000000000045,0.0,,,,,,True,SEM_HISTORICO_2023,,,Moiporá,GO,Centro-Oeste,1,Pequeno porte agropecuario com maior infraestrutura educacional
3163409,Municipal,80.0,80.0,80.0,80.0,80.0,80,,86.0,,100.0,False,,-6.0,0.0,,,,,,-6.0,0.0,,,,,,-6.0,0.0,,,,,,-6.0,0.0,,,,,,-6.0,0.0,,,,,,-6.0,0.0,,,,,,True,SEM_HISTORICO_2023,,,São José do Goiabal,MG,Sudeste,1,Pequeno porte agropecuario com maior infraestrutura educacional
3145406,Municipal,80.0,80.0,80.0,80.0,80.0,80,,89.13,,73.91,False,,-9.129999999999995,0.0,,,,,,-9.129999999999995,0.0,,,,,,-9.129999999999995,0.0,,,,,,-9.129999999999995,0.0,,,,,,-9.129999999999995,0.0,,,,,,-9.129999999999995,0.0,,,,,,True,SEM_HISTORICO_2023,,,Olaria,MG,Sudeste,1,Pequeno porte agropecuario com maior infraestrutura educacional
3166600,Municipal,80.0,80.0,80.0,80.0,80.0,80,,90.0,,90.91,False,,-10.0,0.0,,,,,,-10.0,0.0,,,,,,-10.0,0.0,,,,,,-10.0,0.0,,,,,,-10.0,0.0,,,,,,-10.0,0.0,,,,,,True,SEM_HISTORICO_2023,,,Serra da Saudade,MG,Sudeste,1,Pequeno porte agropecuario com maior infraestrutura educacional
4200903,Municipal,80.0,80.0,80.0,80.0,80.0,80,,90.0,,90.91,False,,-10.0,0.0,,,,,,-10.0,0.0,,,,,,-10.0,0.0,,,,,,-10.0,0.0,,,,,,-10.0,0.0,,,,,,-10.0,0.0,,,,,,True,SEM_HISTORICO_2023,,,Angelina,SC,Sul,1,Pequeno porte agropecuario com maior infraestrutura educacional
3147501,Municipal,80.0,80.0,80.0,80.0,80.0,80,,90.91,,91.67,False,,-10.909999999999997,0.0,,,,,,-10.909999999999997,0.0,,,,,,-10.909999999999997,0.0,,,,,,-10.909999999999997,0.0,,,,,,-10.909999999999997,0.0,,,,,,-10.909999999999997,0.0,,,,,,True,SEM_HISTORICO_2023,,,Passabém,MG,Sudeste,2,"Rural, menor renda e maior presenca da administracao publica"
5200506,Municipal,80.0,80.0,80.0,80.0,80.0,80,,90.91,,100.0,False,,-10.909999999999997,0.0,,,,,,-10.909999999999997,0.0,,,,,,-10.909999999999997,0.0,,,,,,-10.909999999999997,0.0,,,,,,-10.909999999999997,0.0,,,,,,-10.909999999999997,0.0,,,,,,True,SEM_HISTORICO_2023,,,Aloândia,GO,Centro-Oeste,1,Pequeno porte agropecuario com maior infraestrutura educacional
3142502,Municipal,80.0,80.0,80.0,80.0,80.0,80,,95.0,,90.91,False,,-15.0,0.0,,,,,,-15.0,0.0,,,,,,-15.0,0.0,,,,,,-15.0,0.0,,,,,,-15.0,0.0,,,,,,-15.0,0.0,,,,,,True,SEM_HISTORICO_2023,,,Monjolos,MG,Sudeste,1,Pequeno porte agropecuario com maior infraestrutura educacional
3151909,Municipal,80.0,80.0,80.0,80.0,80.0,80,,95.65,,95.65,False,,-15.650000000000006,0.0,,,,,,-15.650000000000006,0.0,,,,,,-15.650000000000006,0.0,,,,,,-15.650000000000006,0.0,,,,,,-15.650000000000006,0.0,,,,,,-15.650000000000006,0.0,,,,,,True,SEM_HISTORICO_2023,,,Pocrane,MG,Sudeste,2,"Rural, menor renda e maior presenca da administracao publica"
3107703,Municipal,80.0,80.0,80.0,80.0,80.0,80,,98.04,,92.59,False,,-18.040000000000006,0.0,,,,,,-18.040000000000006,0.0,,,,,,-18.040000000000006,0.0,,,,,,-18.040000000000006,0.0,,,,,,-18.040000000000006,0.0,,,,,,-18.040000000000006,0.0,,,,,,True,SEM_HISTORICO_2023,,,Bom Jesus do Amparo,MG,Sudeste,1,Pequeno porte agropecuario com maior infraestrutura educacional
3149408,Municipal,80.0,80.0,80.0,80.0,80.0,80,,100.0,,100.0,False,,-20.0,0.0,,,,,,-20.0,0.0,,,,,,-20.0,0.0,,,,,,-20.0,0.0,,,,,,-20.0,0.0,,,,,,-20.0,0.0,,,,,,True,SEM_HISTORICO_2023,,,Pedro Teixeira,MG,Sudeste,1,Pequeno porte agropecuario com maior infraestrutura educacional
