rank_executivo_probabilidade,id_municipio,municipio,sigla_uf,regiao,status_dominio_modelo,n_alunos,probabilidade_media_risco,carga_risco_estimada,taxa_sinalizada_risco,taxa_risco_real,taxa_alfabetizacao_real,rank_probabilidade_risco_geral,rank_carga_risco_geral,percentil_risco_modelo,faixa_risco_relativo
1,2804805,Nossa Senhora do Socorro,SE,Nordeste,DOMINIO_FORTE,1785,0.7388935514727069,1318.9249893787817,1.0,0.7019607843137254,0.2980392156862745,1,85,1.0,top_10_percent
2,2804904,Pacatuba,SE,Nordeste,DOMINIO_FORTE,106,0.727270378346666,77.09066010474659,1.0,0.6981132075471698,0.3018867924528302,3,1725,0.9996374841399311,top_10_percent
3,2801207,Canindé de São Francisco,SE,Nordeste,DOMINIO_FORTE,460,0.7207209332889086,331.53162931289796,1.0,0.7304347826086957,0.2695652173913043,4,383,0.9994562262098967,top_10_percent
4,2805802,Riachão do Dantas,SE,Nordeste,DOMINIO_FORTE,125,0.7194471069367894,89.93088836709867,1.0,0.656,0.344,5,1490,0.9992749682798623,top_10_percent
5,2805604,Porto da Folha,SE,Nordeste,DOMINIO_FORTE,228,0.7166805079122933,163.40315580400286,1.0,0.8245614035087719,0.175438596491228,6,831,0.9990937103498279,top_10_percent
6,2803609,Laranjeiras,SE,Nordeste,DOMINIO_FORTE,215,0.7111532493120273,152.89794860208588,1.0,0.7302325581395349,0.2697674418604651,7,885,0.9989124524197933,top_10_percent
7,2803302,Japaratuba,SE,Nordeste,DOMINIO_FORTE,167,0.7107849331126138,118.7010838298065,1.0,0.4191616766467065,0.5808383233532934,9,1129,0.9985499365597245,top_10_percent
8,2800407,Arauá,SE,Nordeste,DOMINIO_FORTE,108,0.705422341122357,76.18561284121456,1.0,0.7129629629629629,0.287037037037037,10,1736,0.99836867862969,top_10_percent
9,2907202,Casa Nova,BA,Nordeste,DOMINIO_FORTE,430,0.7014596126480532,301.6276334386629,1.0,0.7906976744186046,0.2093023255813953,11,439,0.9981874206996556,top_10_percent
10,2800670,Boquim,SE,Nordeste,DOMINIO_FORTE,164,0.701215088574201,114.99927452616896,1.0,0.6402439024390244,0.3597560975609756,12,1171,0.9980061627696212,top_10_percent
11,2801306,Capela,SE,Nordeste,DOMINIO_FORTE,317,0.7002829981687829,221.98971041950418,1.0,0.6403785488958991,0.3596214511041009,13,617,0.9978249048395867,top_10_percent
12,2924009,Paulo Afonso,BA,Nordeste,DOMINIO_FORTE,944,0.6997633532870782,660.5766055030018,1.0,0.6949152542372882,0.3050847457627119,15,187,0.9974623889795179,top_10_percent
13,2805307,Pirambu,SE,Nordeste,DOMINIO_FORTE,100,0.6994374241427505,69.94374241427505,1.0,0.61,0.39,17,1876,0.9970998731194489,top_10_percent
14,2807600,Umbaúba,SE,Nordeste,DOMINIO_FORTE,183,0.6974725685439243,127.63748004353813,1.0,0.6065573770491803,0.3934426229508196,21,1047,0.9963748413993112,top_10_percent
15,2803203,Itaporanga d'Ajuda,SE,Nordeste,DOMINIO_FORTE,345,0.6927390806839995,238.9949828359798,1.0,0.5971014492753624,0.4028985507246377,24,568,0.9958310676092079,top_10_percent
16,2805406,Poço Redondo,SE,Nordeste,DOMINIO_FORTE,345,0.6925426608408811,238.927217990104,1.0,0.7333333333333333,0.2666666666666666,25,569,0.9956498096791735,top_10_percent
17,2805703,Propriá,SE,Nordeste,DOMINIO_FORTE,193,0.6907871575060086,133.32192139865967,1.0,0.6373056994818653,0.3626943005181347,26,1008,0.9954685517491391,top_10_percent
18,2804003,Maruim,SE,Nordeste,DOMINIO_FORTE,122,0.6896951068741749,84.14280303864933,1.0,0.6885245901639344,0.3114754098360656,28,1586,0.9951060358890701,top_10_percent
19,2924405,Pilão Arcado,BA,Nordeste,DOMINIO_FORTE,391,0.6869016042600791,268.5785272656909,1.0,0.7749360613810742,0.2250639386189258,30,494,0.9947435200290012,top_10_percent
20,2802106,Estância,SE,Nordeste,DOMINIO_FORTE,537,0.684738643557604,367.7046515904334,1.0,0.6852886405959032,0.3147113594040968,33,356,0.994199746238898,top_10_percent
21,2804508,Nossa Senhora da Glória,SE,Nordeste,DOMINIO_FORTE,434,0.6826669183589893,296.27744256780136,1.0,0.6221198156682027,0.3778801843317972,34,447,0.9940184883088635,top_10_percent
22,2806206,Salgado,SE,Nordeste,DOMINIO_FORTE,175,0.6824715178990549,119.43251563233461,1.0,0.5485714285714286,0.4514285714285714,36,1119,0.9936559724487947,top_10_percent
23,2801009,Campo do Brito,SE,Nordeste,DOMINIO_FORTE,124,0.681707428626661,84.53172114970596,1.0,0.6451612903225806,0.3548387096774194,37,1582,0.9934747145187602,top_10_percent
24,2803401,Japoatã,SE,Nordeste,DOMINIO_FORTE,137,0.6805748792809972,93.23875846149662,1.0,0.6058394160583942,0.3941605839416058,38,1446,0.9932934565887258,top_10_percent
25,2800308,Aracaju,SE,Nordeste,DOMINIO_FORTE,3664,0.6803121650458672,2492.6637727280577,1.0,0.5556768558951966,0.4443231441048035,39,29,0.9931121986586913,top_10_percent
26,2800506,Areia Branca,SE,Nordeste,DOMINIO_FORTE,147,0.6766188751900002,99.46297465293003,1.0,0.54421768707483,0.4557823129251701,43,1354,0.9923871669385536,top_10_percent
27,2400505,Alexandria,RN,Nordeste,DOMINIO_FORTE,134,0.6737482611755317,90.28226699752125,1.0,0.4104477611940298,0.5895522388059702,46,1486,0.9918433931484503,top_10_percent
28,2804201,Monte Alegre de Sergipe,SE,Nordeste,DOMINIO_FORTE,169,0.6711080247621122,113.41725618479695,1.0,0.6449704142011834,0.3550295857988165,49,1184,0.9912996193583469,top_10_percent
29,2921500,Monte Santo,BA,Nordeste,DOMINIO_FORTE,251,0.6710991612137909,168.44588946466152,1.0,0.7250996015936255,0.2749003984063745,50,808,0.9911183614283124,top_10_percent
30,2909901,Curaçá,BA,Nordeste,DOMINIO_FORTE,388,0.6697527958153401,259.86408477635194,1.0,0.770618556701031,0.229381443298969,53,509,0.9905745876382092,top_10_percent
